-- phpMyAdmin SQL Dump
-- version 5.1.1
-- https://www.phpmyadmin.net/
--
-- Host: 127.0.0.1
-- Generation Time: Jun 02, 2024 at 03:20 AM
-- Server version: 8.0.29
-- PHP Version: 7.4.20

SET SQL_MODE = "NO_AUTO_VALUE_ON_ZERO";
START TRANSACTION;
SET time_zone = "+00:00";


/*!40101 SET @OLD_CHARACTER_SET_CLIENT=@@CHARACTER_SET_CLIENT */;
/*!40101 SET @OLD_CHARACTER_SET_RESULTS=@@CHARACTER_SET_RESULTS */;
/*!40101 SET @OLD_COLLATION_CONNECTION=@@COLLATION_CONNECTION */;
/*!40101 SET NAMES utf8mb4 */;

--
-- Database: `chat_bot`
--

-- --------------------------------------------------------

--
-- Table structure for table `answertypes`
--

CREATE TABLE `answertypes` (
  `Id` int NOT NULL,
  `Name` longtext CHARACTER SET utf8mb4 COLLATE utf8mb4_unicode_ci NOT NULL
) ENGINE=InnoDB DEFAULT CHARSET=utf8mb4 COLLATE=utf8mb4_unicode_ci;

--
-- Dumping data for table `answertypes`
--

INSERT INTO `answertypes` (`Id`, `Name`) VALUES
(1, 'Text'),
(2, 'Button');

-- --------------------------------------------------------

--
-- Table structure for table `botanswers`
--

CREATE TABLE `botanswers` (
  `Id` int NOT NULL,
  `QuestionId` int NOT NULL,
  `AnswerTypeId` int NOT NULL,
  `Text` longtext CHARACTER SET utf8mb4 COLLATE utf8mb4_unicode_ci NOT NULL,
  `Image` longblob,
  `IsHtml` tinyint(1) DEFAULT '0',
  `IsButton` tinyint(1) DEFAULT '0'
) ENGINE=InnoDB DEFAULT CHARSET=utf8mb4 COLLATE=utf8mb4_unicode_ci;

--
-- Dumping data for table `botanswers`
--

INSERT INTO `botanswers` (`Id`, `QuestionId`, `AnswerTypeId`, `Text`, `Image`, `IsHtml`, `IsButton`) VALUES
(1, 1, 1, 'Hi there!', NULL, 0, 0),
(2, 1, 1, 'Hello, good to see you.', NULL, 0, 0),
(4, 1, 1, 'Good Morning!', NULL, 0, 0),
(5, 1, 1, 'Salutations!', NULL, 0, 0),
(6, 1, 1, 'Nice to meet you!', NULL, 0, 0),
(7, 1, 1, 'Hiya!', NULL, 0, 0),
(8, 1, 1, 'Top of the morning to you!', NULL, 0, 0),
(9, 1, 1, 'Bonjour!', NULL, 0, 0),
(10, 1, 1, 'Welcome!', NULL, 0, 0),
(11, 1, 1, 'Good to see you again!', NULL, 0, 0),
(12, 1, 1, 'Hola!', NULL, 0, 0),
(13, 1, 1, 'Namaste!', NULL, 0, 0),
(14, 1, 1, 'Aloha!', NULL, 0, 0),
(15, 1, 1, 'Hey, great to have you here!', NULL, 0, 0),
(16, 1, 1, 'Hey, glad you could make it!', NULL, 0, 0),
(17, 1, 1, 'Howdy, partner!', NULL, 0, 0),
(18, 1, 1, 'Hi, it\'s good to be in your company.', NULL, 0, 0),
(19, 1, 1, 'Good day!', NULL, 0, 0),
(20, 1, 1, 'Hey, thanks for being here!', NULL, 0, 0),
(21, 1, 1, 'It\'s a pleasure to see you.', NULL, 0, 0),
(22, 1, 1, 'Hey, good to see a friendly face!', NULL, 0, 0),
(23, 1, 1, 'Hi, I hope you\'re having a good day.', NULL, 0, 0),
(24, 1, 1, 'Hey, good to see you\'re doing well!', NULL, 0, 0),
(25, 1, 1, 'Hi, hope you\'re doing fine.', NULL, 0, 0),
(26, 2, 1, 'Hi there!', NULL, 0, 0),
(27, 2, 1, 'Hello, good to see you.', NULL, 0, 0),
(28, 2, 1, 'Greetings!', NULL, 0, 0),
(29, 2, 1, 'Salutations!', NULL, 0, 0),
(30, 2, 1, 'Nice to meet you!', NULL, 0, 0),
(31, 2, 1, 'Hiya!', NULL, 0, 0),
(32, 2, 1, 'Top of the morning to you!', NULL, 0, 0),
(33, 2, 1, 'Bonjour!', NULL, 0, 0),
(34, 2, 1, 'Welcome!', NULL, 0, 0),
(35, 2, 1, 'Good to see you again!', NULL, 0, 0),
(36, 2, 1, 'Hola!', NULL, 0, 0),
(37, 2, 1, 'Namaste!', NULL, 0, 0),
(38, 2, 1, 'Aloha!', NULL, 0, 0),
(39, 2, 1, 'Hey, great to have you here!', NULL, 0, 0),
(40, 2, 1, 'Hey, glad you could make it!', NULL, 0, 0),
(41, 2, 1, 'Howdy, partner!', NULL, 0, 0),
(42, 2, 1, 'Hi, it\'s good to be in your company.', NULL, 0, 0),
(43, 2, 1, 'Good day!', NULL, 0, 0),
(44, 2, 1, 'Hey, thanks for being here!', NULL, 0, 0),
(45, 2, 1, 'It\'s a pleasure to see you.', NULL, 0, 0),
(46, 2, 1, 'Hey, good to see a friendly face!', NULL, 0, 0),
(47, 2, 1, 'Hi, I hope you\'re having a good day.', NULL, 0, 0),
(48, 2, 1, 'Hey, good to see you\'re doing well!', NULL, 0, 0),
(49, 2, 1, 'Hi, hope you\'re doing fine.', NULL, 0, 0),
(50, 3, 1, 'Hi there!', NULL, 0, 0),
(51, 3, 1, 'Hello, good to see you.', NULL, 0, 0),
(53, 3, 1, 'Greetings!', NULL, 0, 0),
(54, 3, 1, 'Salutations!', NULL, 0, 0),
(55, 3, 1, 'Nice to meet you!', NULL, 0, 0),
(56, 3, 1, 'Hiya!', NULL, 0, 0),
(57, 3, 1, 'Top of the morning to you!', NULL, 0, 0),
(58, 3, 1, 'Bonjour!', NULL, 0, 0),
(59, 3, 1, 'Welcome!', NULL, 0, 0),
(60, 3, 1, 'Good to see you again!', NULL, 0, 0),
(61, 3, 1, 'Hola!', NULL, 0, 0),
(62, 3, 1, 'Namaste!', NULL, 0, 0),
(63, 3, 1, 'Aloha!', NULL, 0, 0),
(64, 3, 1, 'Hey, great to have you here!', NULL, 0, 0),
(65, 3, 1, 'Hey, glad you could make it!', NULL, 0, 0),
(66, 3, 1, 'Howdy, partner!', NULL, 0, 0),
(67, 3, 1, 'Hi, it\'s good to be in your company.', NULL, 0, 0),
(68, 3, 1, 'Good day!', NULL, 0, 0),
(69, 3, 1, 'Hey, thanks for being here!', NULL, 0, 0),
(70, 3, 1, 'It\'s a pleasure to see you.', NULL, 0, 0),
(71, 3, 1, 'Hey, good to see a friendly face!', NULL, 0, 0),
(72, 3, 1, 'Hi, I hope you\'re having a good day.', NULL, 0, 0),
(73, 3, 1, 'Hey, good to see you\'re doing well!', NULL, 0, 0),
(74, 3, 1, 'Hi, hope you\'re doing fine.', NULL, 0, 0),
(75, 4, 1, 'Hi there!', NULL, 0, 0),
(76, 4, 1, 'Hello, good to see you.', NULL, 0, 0),
(77, 4, 1, 'Greetings!', NULL, 0, 0),
(78, 4, 1, 'Salutations!', NULL, 0, 0),
(79, 4, 1, 'Nice to meet you!', NULL, 0, 0),
(80, 4, 1, 'Hiya!', NULL, 0, 0),
(81, 4, 1, 'Top of the morning to you!', NULL, 0, 0),
(82, 4, 1, 'Bonjour!', NULL, 0, 0),
(83, 4, 1, 'Welcome!', NULL, 0, 0),
(84, 4, 1, 'Good to see you again!', NULL, 0, 0),
(85, 4, 1, 'Hola!', NULL, 0, 0),
(86, 4, 1, 'Namaste!', NULL, 0, 0),
(87, 4, 1, 'Aloha!', NULL, 0, 0),
(88, 4, 1, 'Hey, great to have you here!', NULL, 0, 0),
(89, 4, 1, 'Hey, glad you could make it!', NULL, 0, 0),
(90, 4, 1, 'Howdy, partner!', NULL, 0, 0),
(91, 4, 1, 'Hi, it\'s good to be in your company.', NULL, 0, 0),
(92, 4, 1, 'Good day!', NULL, 0, 0),
(93, 4, 1, 'Hey, thanks for being here!', NULL, 0, 0),
(94, 4, 1, 'It\'s a pleasure to see you.', NULL, 0, 0),
(95, 4, 1, 'Hey, good to see a friendly face!', NULL, 0, 0),
(96, 4, 1, 'Hi, I hope you\'re having a good day.', NULL, 0, 0),
(97, 4, 1, 'Hey, good to see you\'re doing well!', NULL, 0, 0),
(98, 4, 1, 'Hi, hope you\'re doing fine.', NULL, 0, 0),
(99, 5, 1, 'Hi there!', NULL, 0, 0),
(100, 5, 1, 'Hello, good to see you.', NULL, 0, 0),
(101, 5, 1, 'Greetings!', NULL, 0, 0),
(102, 5, 1, 'Salutations!', NULL, 0, 0),
(103, 5, 1, 'Nice to meet you!', NULL, 0, 0),
(104, 5, 1, 'Hiya!', NULL, 0, 0),
(105, 5, 1, 'Top of the morning to you!', NULL, 0, 0),
(106, 5, 1, 'Bonjour!', NULL, 0, 0),
(107, 5, 1, 'Welcome!', NULL, 0, 0),
(108, 5, 1, 'Good to see you again!', NULL, 0, 0),
(109, 5, 1, 'Hola!', NULL, 0, 0),
(110, 5, 1, 'Namaste!', NULL, 0, 0),
(111, 5, 1, 'Aloha!', NULL, 0, 0),
(112, 5, 1, 'Hey, great to have you here!', NULL, 0, 0),
(113, 5, 1, 'Hey, glad you could make it!', NULL, 0, 0),
(114, 5, 1, 'Howdy, partner!', NULL, 0, 0),
(115, 5, 1, 'Hi, it\'s good to be in your company.', NULL, 0, 0),
(116, 5, 1, 'Good day!', NULL, 0, 0),
(117, 5, 1, 'Hey, thanks for being here!', NULL, 0, 0),
(118, 5, 1, 'It\'s a pleasure to see you.', NULL, 0, 0),
(119, 5, 1, 'Hey, good to see a friendly face!', NULL, 0, 0),
(120, 5, 1, 'Hi, I hope you\'re having a good day.', NULL, 0, 0),
(121, 5, 1, 'Hey, good to see you\'re doing well!', NULL, 0, 0),
(122, 5, 1, 'Hi, hope you\'re doing fine.', NULL, 0, 0),
(123, 6, 1, 'Hi there!', NULL, 0, 0),
(124, 6, 1, 'Hello, good to see you.', NULL, 0, 0),
(125, 6, 1, 'Greetings!', NULL, 0, 0),
(126, 6, 1, 'Salutations!', NULL, 0, 0),
(127, 6, 1, 'Nice to meet you!', NULL, 0, 0),
(128, 6, 1, 'Hiya!', NULL, 0, 0),
(129, 6, 1, 'Top of the morning to you!', NULL, 0, 0),
(130, 6, 1, 'Bonjour!', NULL, 0, 0),
(131, 6, 1, 'Welcome!', NULL, 0, 0),
(132, 6, 1, 'Good to see you again!', NULL, 0, 0),
(133, 6, 1, 'Hola!', NULL, 0, 0),
(134, 6, 1, 'Namaste!', NULL, 0, 0),
(135, 6, 1, 'Aloha!', NULL, 0, 0),
(136, 6, 1, 'Hey, great to have you here!', NULL, 0, 0),
(137, 6, 1, 'Hey, glad you could make it!', NULL, 0, 0),
(138, 6, 1, 'Howdy, partner!', NULL, 0, 0),
(139, 6, 1, 'Hi, it\'s good to be in your company.', NULL, 0, 0),
(140, 6, 1, 'Good day!', NULL, 0, 0),
(141, 6, 1, 'Hey, thanks for being here!', NULL, 0, 0),
(142, 6, 1, 'It\'s a pleasure to see you.', NULL, 0, 0),
(143, 6, 1, 'Hey, good to see a friendly face!', NULL, 0, 0),
(144, 6, 1, 'Hi, I hope you\'re having a good day.', NULL, 0, 0),
(145, 6, 1, 'Hey, good to see you\'re doing well!', NULL, 0, 0),
(146, 6, 1, 'Hi, hope you\'re doing fine.', NULL, 0, 0),
(147, 7, 1, 'Hi there!', NULL, 0, 0),
(148, 7, 1, 'Hello, good to see you.', NULL, 0, 0),
(149, 7, 1, 'Greetings!', NULL, 0, 0),
(150, 7, 1, 'Salutations!', NULL, 0, 0),
(151, 7, 1, 'Nice to meet you!', NULL, 0, 0),
(152, 7, 1, 'Hiya!', NULL, 0, 0),
(153, 7, 1, 'Top of the morning to you!', NULL, 0, 0),
(154, 7, 1, 'Bonjour!', NULL, 0, 0),
(155, 7, 1, 'Welcome!', NULL, 0, 0),
(156, 7, 1, 'Good to see you again!', NULL, 0, 0),
(157, 7, 1, 'Hola!', NULL, 0, 0),
(158, 7, 1, 'Namaste!', NULL, 0, 0),
(159, 7, 1, 'Aloha!', NULL, 0, 0),
(160, 7, 1, 'Hey, great to have you here!', NULL, 0, 0),
(161, 7, 1, 'Hey, glad you could make it!', NULL, 0, 0),
(162, 7, 1, 'Howdy, partner!', NULL, 0, 0),
(163, 7, 1, 'Hi, it\'s good to be in your company.', NULL, 0, 0),
(164, 7, 1, 'Good day!', NULL, 0, 0),
(165, 7, 1, 'Hey, thanks for being here!', NULL, 0, 0),
(166, 7, 1, 'It\'s a pleasure to see you.', NULL, 0, 0),
(167, 7, 1, 'Hey, good to see a friendly face!', NULL, 0, 0),
(168, 7, 1, 'Hi, I hope you\'re having a good day.', NULL, 0, 0),
(169, 7, 1, 'Hey, good to see you\'re doing well!', NULL, 0, 0),
(170, 7, 1, 'Hi, hope you\'re doing fine.', NULL, 0, 0),
(171, 8, 1, 'Hi there!', NULL, 0, 0),
(172, 8, 1, 'Hello, good to see you.', NULL, 0, 0),
(173, 8, 1, 'Greetings!', NULL, 0, 0),
(174, 8, 1, 'Salutations!', NULL, 0, 0),
(175, 8, 1, 'Nice to meet you!', NULL, 0, 0),
(176, 8, 1, 'Hiya!', NULL, 0, 0),
(177, 8, 1, 'Top of the morning to you!', NULL, 0, 0),
(178, 8, 1, 'Bonjour!', NULL, 0, 0),
(179, 8, 1, 'Welcome!', NULL, 0, 0),
(180, 8, 1, 'Good to see you again!', NULL, 0, 0),
(181, 8, 1, 'Hola!', NULL, 0, 0),
(182, 8, 1, 'Namaste!', NULL, 0, 0),
(183, 8, 1, 'Aloha!', NULL, 0, 0),
(184, 8, 1, 'Hey, great to have you here!', NULL, 0, 0),
(185, 8, 1, 'Hey, glad you could make it!', NULL, 0, 0),
(186, 8, 1, 'Howdy, partner!', NULL, 0, 0),
(187, 8, 1, 'Hi, it\'s good to be in your company.', NULL, 0, 0),
(188, 8, 1, 'Good day!', NULL, 0, 0),
(189, 8, 1, 'Hey, thanks for being here!', NULL, 0, 0),
(190, 8, 1, 'It\'s a pleasure to see you.', NULL, 0, 0),
(191, 8, 1, 'Hey, good to see a friendly face!', NULL, 0, 0),
(192, 8, 1, 'Hi, I hope you\'re having a good day.', NULL, 0, 0),
(193, 8, 1, 'Hey, good to see you\'re doing well!', NULL, 0, 0),
(194, 8, 1, 'Hi, hope you\'re doing fine.', NULL, 0, 0),
(195, 9, 1, 'Hi there!', NULL, 0, 0),
(196, 9, 1, 'Hello, good to see you.', NULL, 0, 0),
(197, 9, 1, 'Greetings!', NULL, 0, 0),
(198, 9, 1, 'Salutations!', NULL, 0, 0),
(199, 9, 1, 'Nice to meet you!', NULL, 0, 0),
(200, 9, 1, 'Hiya!', NULL, 0, 0),
(201, 9, 1, 'Top of the morning to you!', NULL, 0, 0),
(202, 9, 1, 'Bonjour!', NULL, 0, 0),
(203, 9, 1, 'Welcome!', NULL, 0, 0),
(204, 9, 1, 'Good to see you again!', NULL, 0, 0),
(205, 9, 1, 'Hola!', NULL, 0, 0),
(206, 9, 1, 'Namaste!', NULL, 0, 0),
(207, 9, 1, 'Aloha!', NULL, 0, 0),
(208, 9, 1, 'Hey, great to have you here!', NULL, 0, 0),
(209, 9, 1, 'Hey, glad you could make it!', NULL, 0, 0),
(210, 9, 1, 'Howdy, partner!', NULL, 0, 0),
(211, 9, 1, 'Hi, it\'s good to be in your company.', NULL, 0, 0),
(212, 9, 1, 'Good day!', NULL, 0, 0),
(213, 9, 1, 'Hey, thanks for being here!', NULL, 0, 0),
(214, 9, 1, 'It\'s a pleasure to see you.', NULL, 0, 0),
(215, 9, 1, 'Hey, good to see a friendly face!', NULL, 0, 0),
(216, 9, 1, 'Hi, I hope you\'re having a good day.', NULL, 0, 0),
(217, 9, 1, 'Hey, good to see you\'re doing well!', NULL, 0, 0),
(218, 9, 1, 'Hi, hope you\'re doing fine.', NULL, 0, 0),
(219, 10, 1, 'Hi there!', NULL, 0, 0),
(220, 10, 1, 'Hello, good to see you.', NULL, 0, 0),
(221, 10, 1, 'Greetings!', NULL, 0, 0),
(222, 10, 1, 'Salutations!', NULL, 0, 0),
(223, 10, 1, 'Nice to meet you!', NULL, 0, 0),
(224, 10, 1, 'Hiya!', NULL, 0, 0),
(225, 10, 1, 'Top of the morning to you!', NULL, 0, 0),
(226, 10, 1, 'Bonjour!', NULL, 0, 0),
(227, 10, 1, 'Welcome!', NULL, 0, 0),
(228, 10, 1, 'Good to see you again!', NULL, 0, 0),
(229, 10, 1, 'Hola!', NULL, 0, 0),
(230, 10, 1, 'Namaste!', NULL, 0, 0),
(231, 10, 1, 'Aloha!', NULL, 0, 0),
(232, 10, 1, 'Hey, great to have you here!', NULL, 0, 0),
(233, 10, 1, 'Hey, glad you could make it!', NULL, 0, 0),
(234, 10, 1, 'Howdy, partner!', NULL, 0, 0),
(235, 10, 1, 'Hi, it\'s good to be in your company.', NULL, 0, 0),
(236, 10, 1, 'Good day!', NULL, 0, 0),
(237, 10, 1, 'Hey, thanks for being here!', NULL, 0, 0),
(238, 10, 1, 'It\'s a pleasure to see you.', NULL, 0, 0),
(239, 10, 1, 'Hey, good to see a friendly face!', NULL, 0, 0),
(240, 10, 1, 'Hi, I hope you\'re having a good day.', NULL, 0, 0),
(241, 10, 1, 'Hey, good to see you\'re doing well!', NULL, 0, 0),
(242, 10, 1, 'Hi, hope you\'re doing fine.', NULL, 0, 0),
(243, 11, 1, 'Hi there!', NULL, 0, 0),
(244, 11, 1, 'Hello, good to see you.', NULL, 0, 0),
(245, 11, 1, 'Greetings!', NULL, 0, 0),
(246, 11, 1, 'Salutations!', NULL, 0, 0),
(247, 11, 1, 'Nice to meet you!', NULL, 0, 0),
(248, 11, 1, 'Hiya!', NULL, 0, 0),
(249, 11, 1, 'Top of the morning to you!', NULL, 0, 0),
(250, 11, 1, 'Bonjour!', NULL, 0, 0),
(251, 11, 1, 'Welcome!', NULL, 0, 0),
(252, 11, 1, 'Good to see you again!', NULL, 0, 0),
(253, 11, 1, 'Hola!', NULL, 0, 0),
(254, 11, 1, 'Namaste!', NULL, 0, 0),
(255, 11, 1, 'Aloha!', NULL, 0, 0),
(256, 11, 1, 'Hey, great to have you here!', NULL, 0, 0),
(257, 11, 1, 'Hey, glad you could make it!', NULL, 0, 0),
(258, 11, 1, 'Howdy, partner!', NULL, 0, 0),
(259, 11, 1, 'Hi, it\'s good to be in your company.', NULL, 0, 0),
(260, 11, 1, 'Good day!', NULL, 0, 0),
(261, 11, 1, 'Hey, thanks for being here!', NULL, 0, 0),
(262, 11, 1, 'It\'s a pleasure to see you.', NULL, 0, 0),
(263, 11, 1, 'Hey, good to see a friendly face!', NULL, 0, 0),
(264, 11, 1, 'Hi, I hope you\'re having a good day.', NULL, 0, 0),
(265, 11, 1, 'Hey, good to see you\'re doing well!', NULL, 0, 0),
(266, 11, 1, 'Hi, hope you\'re doing fine.', NULL, 0, 0),
(267, 12, 1, 'Hi there!', NULL, 0, 0),
(268, 12, 1, 'Hello, good to see you.', NULL, 0, 0),
(269, 12, 1, 'Greetings!', NULL, 0, 0),
(270, 12, 1, 'Salutations!', NULL, 0, 0),
(271, 12, 1, 'Nice to meet you!', NULL, 0, 0),
(272, 12, 1, 'Hiya!', NULL, 0, 0),
(273, 12, 1, 'Top of the morning to you!', NULL, 0, 0),
(274, 12, 1, 'Bonjour!', NULL, 0, 0),
(275, 12, 1, 'Welcome!', NULL, 0, 0),
(276, 12, 1, 'Good to see you again!', NULL, 0, 0),
(277, 12, 1, 'Hola!', NULL, 0, 0),
(278, 12, 1, 'Namaste!', NULL, 0, 0),
(279, 12, 1, 'Aloha!', NULL, 0, 0),
(280, 12, 1, 'Hey, great to have you here!', NULL, 0, 0),
(281, 12, 1, 'Hey, glad you could make it!', NULL, 0, 0),
(282, 12, 1, 'Howdy, partner!', NULL, 0, 0),
(283, 12, 1, 'Hi, it\'s good to be in your company.', NULL, 0, 0),
(284, 12, 1, 'Good day!', NULL, 0, 0),
(285, 12, 1, 'Hey, thanks for being here!', NULL, 0, 0),
(286, 12, 1, 'It\'s a pleasure to see you.', NULL, 0, 0),
(287, 12, 1, 'Hey, good to see a friendly face!', NULL, 0, 0),
(288, 12, 1, 'Hi, I hope you\'re having a good day.', NULL, 0, 0),
(289, 12, 1, 'Hey, good to see you\'re doing well!', NULL, 0, 0),
(290, 12, 1, 'Hi, hope you\'re doing fine.', NULL, 0, 0),
(291, 13, 1, 'Hi there!', NULL, 0, 0),
(292, 13, 1, 'Hello, good to see you.', NULL, 0, 0),
(293, 13, 1, 'Greetings!', NULL, 0, 0),
(294, 13, 1, 'Salutations!', NULL, 0, 0),
(295, 13, 1, 'Nice to meet you!', NULL, 0, 0),
(296, 13, 1, 'Hiya!', NULL, 0, 0),
(297, 13, 1, 'Top of the morning to you!', NULL, 0, 0),
(298, 13, 1, 'Bonjour!', NULL, 0, 0),
(299, 13, 1, 'Welcome!', NULL, 0, 0),
(300, 13, 1, 'Good to see you again!', NULL, 0, 0),
(301, 13, 1, 'Hola!', NULL, 0, 0),
(302, 13, 1, 'Namaste!', NULL, 0, 0),
(303, 13, 1, 'Aloha!', NULL, 0, 0),
(304, 13, 1, 'Hey, great to have you here!', NULL, 0, 0),
(305, 13, 1, 'Hey, glad you could make it!', NULL, 0, 0),
(306, 13, 1, 'Howdy, partner!', NULL, 0, 0),
(307, 13, 1, 'Hi, it\'s good to be in your company.', NULL, 0, 0),
(308, 13, 1, 'Good day!', NULL, 0, 0),
(309, 13, 1, 'Hey, thanks for being here!', NULL, 0, 0),
(310, 13, 1, 'It\'s a pleasure to see you.', NULL, 0, 0),
(311, 13, 1, 'Hey, good to see a friendly face!', NULL, 0, 0),
(312, 13, 1, 'Hi, I hope you\'re having a good day.', NULL, 0, 0),
(313, 13, 1, 'Hey, good to see you\'re doing well!', NULL, 0, 0),
(314, 13, 1, 'Hi, hope you\'re doing fine.', NULL, 0, 0),
(315, 14, 1, 'Hi there!', NULL, 0, 0),
(316, 14, 1, 'Hello, good to see you.', NULL, 0, 0),
(317, 14, 1, 'Greetings!', NULL, 0, 0),
(318, 14, 1, 'Salutations!', NULL, 0, 0),
(319, 14, 1, 'Nice to meet you!', NULL, 0, 0),
(320, 14, 1, 'Hiya!', NULL, 0, 0),
(321, 14, 1, 'Top of the morning to you!', NULL, 0, 0),
(322, 14, 1, 'Bonjour!', NULL, 0, 0),
(323, 14, 1, 'Welcome!', NULL, 0, 0),
(324, 14, 1, 'Good to see you again!', NULL, 0, 0),
(325, 14, 1, 'Hola!', NULL, 0, 0),
(326, 14, 1, 'Namaste!', NULL, 0, 0),
(327, 14, 1, 'Aloha!', NULL, 0, 0),
(328, 14, 1, 'Hey, great to have you here!', NULL, 0, 0),
(329, 14, 1, 'Hey, glad you could make it!', NULL, 0, 0),
(330, 14, 1, 'Howdy, partner!', NULL, 0, 0),
(331, 14, 1, 'Hi, it\'s good to be in your company.', NULL, 0, 0),
(332, 14, 1, 'Good day!', NULL, 0, 0),
(333, 14, 1, 'Hey, thanks for being here!', NULL, 0, 0),
(334, 14, 1, 'It\'s a pleasure to see you.', NULL, 0, 0),
(335, 14, 1, 'Hey, good to see a friendly face!', NULL, 0, 0),
(336, 14, 1, 'Hi, I hope you\'re having a good day.', NULL, 0, 0),
(337, 14, 1, 'Hey, good to see you\'re doing well!', NULL, 0, 0),
(338, 14, 1, 'Hi, hope you\'re doing fine.', NULL, 0, 0),
(339, 15, 1, 'Hi there!', NULL, 0, 0),
(340, 15, 1, 'Hello, good to see you.', NULL, 0, 0),
(341, 15, 1, 'Greetings!', NULL, 0, 0),
(342, 15, 1, 'Salutations!', NULL, 0, 0),
(343, 15, 1, 'Nice to meet you!', NULL, 0, 0),
(344, 15, 1, 'Hiya!', NULL, 0, 0),
(345, 15, 1, 'Top of the morning to you!', NULL, 0, 0),
(346, 15, 1, 'Bonjour!', NULL, 0, 0),
(347, 15, 1, 'Welcome!', NULL, 0, 0),
(348, 15, 1, 'Good to see you again!', NULL, 0, 0),
(349, 15, 1, 'Hola!', NULL, 0, 0),
(350, 15, 1, 'Namaste!', NULL, 0, 0),
(351, 15, 1, 'Aloha!', NULL, 0, 0),
(352, 15, 1, 'Hey, great to have you here!', NULL, 0, 0),
(353, 15, 1, 'Hey, glad you could make it!', NULL, 0, 0),
(354, 15, 1, 'Howdy, partner!', NULL, 0, 0),
(355, 15, 1, 'Hi, it\'s good to be in your company.', NULL, 0, 0),
(356, 15, 1, 'Good day!', NULL, 0, 0),
(357, 15, 1, 'Hey, thanks for being here!', NULL, 0, 0),
(358, 15, 1, 'It\'s a pleasure to see you.', NULL, 0, 0),
(359, 15, 1, 'Hey, good to see a friendly face!', NULL, 0, 0),
(360, 15, 1, 'Hi, I hope you\'re having a good day.', NULL, 0, 0),
(361, 15, 1, 'Hey, good to see you\'re doing well!', NULL, 0, 0),
(362, 15, 1, 'Hi, hope you\'re doing fine.', NULL, 0, 0),
(363, 16, 1, 'Hi there!', NULL, 0, 0),
(364, 16, 1, 'Hello, good to see you.', NULL, 0, 0),
(365, 16, 1, 'Greetings!', NULL, 0, 0),
(366, 16, 1, 'Salutations!', NULL, 0, 0),
(367, 16, 1, 'Nice to meet you!', NULL, 0, 0),
(368, 16, 1, 'Hiya!', NULL, 0, 0),
(369, 16, 1, 'Top of the morning to you!', NULL, 0, 0),
(370, 16, 1, 'Bonjour!', NULL, 0, 0),
(371, 16, 1, 'Welcome!', NULL, 0, 0),
(372, 16, 1, 'Good to see you again!', NULL, 0, 0),
(373, 16, 1, 'Hola!', NULL, 0, 0),
(374, 16, 1, 'Namaste!', NULL, 0, 0),
(375, 16, 1, 'Aloha!', NULL, 0, 0),
(376, 16, 1, 'Hey, great to have you here!', NULL, 0, 0),
(377, 16, 1, 'Hey, glad you could make it!', NULL, 0, 0),
(378, 16, 1, 'Howdy, partner!', NULL, 0, 0),
(379, 16, 1, 'Hi, it\'s good to be in your company.', NULL, 0, 0),
(380, 16, 1, 'Good day!', NULL, 0, 0),
(381, 16, 1, 'Hey, thanks for being here!', NULL, 0, 0),
(382, 16, 1, 'It\'s a pleasure to see you.', NULL, 0, 0),
(383, 16, 1, 'Hey, good to see a friendly face!', NULL, 0, 0),
(384, 16, 1, 'Hi, I hope you\'re having a good day.', NULL, 0, 0),
(385, 16, 1, 'Hey, good to see you\'re doing well!', NULL, 0, 0),
(386, 16, 1, 'Hi, hope you\'re doing fine.', NULL, 0, 0),
(387, 17, 1, 'Hi there!', NULL, 0, 0),
(388, 17, 1, 'Hello, good to see you.', NULL, 0, 0),
(389, 17, 1, 'Greetings!', NULL, 0, 0),
(390, 17, 1, 'Salutations!', NULL, 0, 0),
(391, 17, 1, 'Nice to meet you!', NULL, 0, 0),
(392, 17, 1, 'Hiya!', NULL, 0, 0),
(393, 17, 1, 'Top of the morning to you!', NULL, 0, 0),
(394, 17, 1, 'Bonjour!', NULL, 0, 0),
(395, 17, 1, 'Welcome!', NULL, 0, 0),
(396, 17, 1, 'Good to see you again!', NULL, 0, 0),
(397, 17, 1, 'Hola!', NULL, 0, 0),
(398, 17, 1, 'Namaste!', NULL, 0, 0),
(399, 17, 1, 'Aloha!', NULL, 0, 0),
(400, 17, 1, 'Hey, great to have you here!', NULL, 0, 0),
(401, 17, 1, 'Hey, glad you could make it!', NULL, 0, 0),
(402, 17, 1, 'Howdy, partner!', NULL, 0, 0),
(403, 17, 1, 'Hi, it\'s good to be in your company.', NULL, 0, 0),
(404, 17, 1, 'Good day!', NULL, 0, 0),
(405, 17, 1, 'Hey, thanks for being here!', NULL, 0, 0),
(406, 17, 1, 'It\'s a pleasure to see you.', NULL, 0, 0),
(407, 17, 1, 'Hey, good to see a friendly face!', NULL, 0, 0),
(408, 17, 1, 'Hi, I hope you\'re having a good day.', NULL, 0, 0),
(409, 17, 1, 'Hey, good to see you\'re doing well!', NULL, 0, 0),
(410, 17, 1, 'Hi, hope you\'re doing fine.', NULL, 0, 0),
(411, 18, 1, 'Hi there!', NULL, 0, 0),
(412, 18, 1, 'Hello, good to see you.', NULL, 0, 0),
(413, 18, 1, 'Greetings!', NULL, 0, 0),
(414, 18, 1, 'Salutations!', NULL, 0, 0),
(415, 18, 1, 'Nice to meet you!', NULL, 0, 0),
(416, 18, 1, 'Hiya!', NULL, 0, 0),
(417, 18, 1, 'Top of the morning to you!', NULL, 0, 0),
(418, 18, 1, 'Bonjour!', NULL, 0, 0),
(419, 18, 1, 'Welcome!', NULL, 0, 0),
(420, 18, 1, 'Good to see you again!', NULL, 0, 0),
(421, 18, 1, 'Hola!', NULL, 0, 0),
(422, 18, 1, 'Namaste!', NULL, 0, 0),
(423, 18, 1, 'Aloha!', NULL, 0, 0),
(424, 18, 1, 'Hey, great to have you here!', NULL, 0, 0),
(425, 18, 1, 'Hey, glad you could make it!', NULL, 0, 0),
(426, 18, 1, 'Howdy, partner!', NULL, 0, 0),
(427, 18, 1, 'Hi, it\'s good to be in your company.', NULL, 0, 0),
(428, 18, 1, 'Good day!', NULL, 0, 0),
(429, 18, 1, 'Hey, thanks for being here!', NULL, 0, 0),
(430, 18, 1, 'It\'s a pleasure to see you.', NULL, 0, 0),
(431, 18, 1, 'Hey, good to see a friendly face!', NULL, 0, 0),
(432, 18, 1, 'Hi, I hope you\'re having a good day.', NULL, 0, 0),
(433, 18, 1, 'Hey, good to see you\'re doing well!', NULL, 0, 0),
(434, 18, 1, 'Hi, hope you\'re doing fine.', NULL, 0, 0),
(435, 19, 1, 'Hi there!', NULL, 0, 0),
(436, 19, 1, 'Hello, good to see you.', NULL, 0, 0),
(437, 19, 1, 'Greetings!', NULL, 0, 0),
(438, 19, 1, 'Salutations!', NULL, 0, 0),
(439, 19, 1, 'Nice to meet you!', NULL, 0, 0),
(440, 19, 1, 'Hiya!', NULL, 0, 0),
(441, 19, 1, 'Top of the morning to you!', NULL, 0, 0),
(442, 19, 1, 'Bonjour!', NULL, 0, 0),
(443, 19, 1, 'Welcome!', NULL, 0, 0),
(444, 19, 1, 'Good to see you again!', NULL, 0, 0),
(445, 19, 1, 'Hola!', NULL, 0, 0),
(446, 19, 1, 'Namaste!', NULL, 0, 0),
(447, 19, 1, 'Aloha!', NULL, 0, 0),
(448, 19, 1, 'Hey, great to have you here!', NULL, 0, 0),
(449, 19, 1, 'Hey, glad you could make it!', NULL, 0, 0),
(450, 19, 1, 'Howdy, partner!', NULL, 0, 0),
(451, 19, 1, 'Hi, it\'s good to be in your company.', NULL, 0, 0),
(452, 19, 1, 'Good day!', NULL, 0, 0),
(453, 19, 1, 'Hey, thanks for being here!', NULL, 0, 0),
(454, 19, 1, 'It\'s a pleasure to see you.', NULL, 0, 0),
(455, 19, 1, 'Hey, good to see a friendly face!', NULL, 0, 0),
(456, 19, 1, 'Hi, I hope you\'re having a good day.', NULL, 0, 0),
(457, 19, 1, 'Hey, good to see you\'re doing well!', NULL, 0, 0),
(458, 19, 1, 'Hi, hope you\'re doing fine.', NULL, 0, 0),
(459, 20, 1, 'Hi there!', NULL, 0, 0),
(460, 20, 1, 'Hello, good to see you.', NULL, 0, 0),
(461, 20, 1, 'Greetings!', NULL, 0, 0),
(462, 20, 1, 'Salutations!', NULL, 0, 0),
(463, 20, 1, 'Nice to meet you!', NULL, 0, 0),
(464, 20, 1, 'Hiya!', NULL, 0, 0),
(465, 20, 1, 'Top of the morning to you!', NULL, 0, 0),
(466, 20, 1, 'Bonjour!', NULL, 0, 0),
(467, 20, 1, 'Welcome!', NULL, 0, 0),
(468, 20, 1, 'Good to see you again!', NULL, 0, 0),
(469, 20, 1, 'Hola!', NULL, 0, 0),
(470, 20, 1, 'Namaste!', NULL, 0, 0),
(471, 20, 1, 'Aloha!', NULL, 0, 0),
(472, 20, 1, 'Hey, great to have you here!', NULL, 0, 0),
(473, 20, 1, 'Hey, glad you could make it!', NULL, 0, 0),
(474, 20, 1, 'Howdy, partner!', NULL, 0, 0),
(475, 20, 1, 'Hi, it\'s good to be in your company.', NULL, 0, 0),
(476, 20, 1, 'Good day!', NULL, 0, 0),
(477, 20, 1, 'Hey, thanks for being here!', NULL, 0, 0),
(478, 20, 1, 'It\'s a pleasure to see you.', NULL, 0, 0),
(479, 20, 1, 'Hey, good to see a friendly face!', NULL, 0, 0),
(480, 20, 1, 'Hi, I hope you\'re having a good day.', NULL, 0, 0),
(481, 20, 1, 'Hey, good to see you\'re doing well!', NULL, 0, 0),
(482, 20, 1, 'Hi, hope you\'re doing fine.', NULL, 0, 0),
(483, 21, 1, 'Hi there!', NULL, 0, 0),
(484, 21, 1, 'Hello, good to see you.', NULL, 0, 0),
(485, 21, 1, 'Greetings!', NULL, 0, 0),
(486, 21, 1, 'Salutations!', NULL, 0, 0),
(487, 21, 1, 'Nice to meet you!', NULL, 0, 0),
(488, 21, 1, 'Hiya!', NULL, 0, 0),
(489, 21, 1, 'Top of the morning to you!', NULL, 0, 0),
(490, 21, 1, 'Bonjour!', NULL, 0, 0),
(491, 21, 1, 'Welcome!', NULL, 0, 0),
(492, 21, 1, 'Good to see you again!', NULL, 0, 0),
(493, 21, 1, 'Hola!', NULL, 0, 0),
(494, 21, 1, 'Namaste!', NULL, 0, 0),
(495, 21, 1, 'Aloha!', NULL, 0, 0),
(496, 21, 1, 'Hey, great to have you here!', NULL, 0, 0),
(497, 21, 1, 'Hey, glad you could make it!', NULL, 0, 0),
(498, 21, 1, 'Howdy, partner!', NULL, 0, 0),
(499, 21, 1, 'Hi, it\'s good to be in your company.', NULL, 0, 0),
(500, 21, 1, 'Good day!', NULL, 0, 0),
(501, 21, 1, 'Hey, thanks for being here!', NULL, 0, 0),
(502, 21, 1, 'It\'s a pleasure to see you.', NULL, 0, 0),
(503, 21, 1, 'Hey, good to see a friendly face!', NULL, 0, 0),
(504, 21, 1, 'Hi, I hope you\'re having a good day.', NULL, 0, 0),
(505, 21, 1, 'Hey, good to see you\'re doing well!', NULL, 0, 0),
(506, 21, 1, 'Hi, hope you\'re doing fine.', NULL, 0, 0),
(507, 22, 1, 'Hi there!', NULL, 0, 0),
(508, 22, 1, 'Hello, good to see you.', NULL, 0, 0),
(509, 22, 1, 'Greetings!', NULL, 0, 0),
(510, 22, 1, 'Salutations!', NULL, 0, 0),
(511, 22, 1, 'Nice to meet you!', NULL, 0, 0),
(512, 22, 1, 'Hiya!', NULL, 0, 0),
(513, 22, 1, 'Top of the morning to you!', NULL, 0, 0),
(514, 22, 1, 'Bonjour!', NULL, 0, 0),
(515, 22, 1, 'Welcome!', NULL, 0, 0),
(516, 22, 1, 'Good to see you again!', NULL, 0, 0),
(517, 22, 1, 'Hola!', NULL, 0, 0),
(518, 22, 1, 'Namaste!', NULL, 0, 0),
(519, 22, 1, 'Aloha!', NULL, 0, 0),
(520, 22, 1, 'Hey, great to have you here!', NULL, 0, 0),
(521, 22, 1, 'Hey, glad you could make it!', NULL, 0, 0),
(522, 22, 1, 'Howdy, partner!', NULL, 0, 0),
(523, 22, 1, 'Hi, it\'s good to be in your company.', NULL, 0, 0),
(524, 22, 1, 'Good day!', NULL, 0, 0),
(525, 22, 1, 'Hey, thanks for being here!', NULL, 0, 0),
(526, 22, 1, 'It\'s a pleasure to see you.', NULL, 0, 0),
(527, 22, 1, 'Hey, good to see a friendly face!', NULL, 0, 0),
(528, 22, 1, 'Hi, I hope you\'re having a good day.', NULL, 0, 0),
(529, 22, 1, 'Hey, good to see you\'re doing well!', NULL, 0, 0),
(530, 22, 1, 'Hi, hope you\'re doing fine.', NULL, 0, 0),
(531, 23, 1, 'Hi there!', NULL, 0, 0),
(532, 23, 1, 'Hello, good to see you.', NULL, 0, 0),
(533, 23, 1, 'Greetings!', NULL, 0, 0),
(534, 23, 1, 'Salutations!', NULL, 0, 0),
(535, 23, 1, 'Nice to meet you!', NULL, 0, 0),
(536, 23, 1, 'Hiya!', NULL, 0, 0),
(537, 23, 1, 'Top of the morning to you!', NULL, 0, 0),
(538, 23, 1, 'Bonjour!', NULL, 0, 0),
(539, 23, 1, 'Welcome!', NULL, 0, 0),
(540, 23, 1, 'Good to see you again!', NULL, 0, 0),
(541, 23, 1, 'Hola!', NULL, 0, 0),
(542, 23, 1, 'Namaste!', NULL, 0, 0),
(543, 23, 1, 'Aloha!', NULL, 0, 0),
(544, 23, 1, 'Hey, great to have you here!', NULL, 0, 0),
(545, 23, 1, 'Hey, glad you could make it!', NULL, 0, 0),
(546, 23, 1, 'Howdy, partner!', NULL, 0, 0),
(547, 23, 1, 'Hi, it\'s good to be in your company.', NULL, 0, 0),
(548, 23, 1, 'Good day!', NULL, 0, 0),
(549, 23, 1, 'Hey, thanks for being here!', NULL, 0, 0),
(550, 23, 1, 'It\'s a pleasure to see you.', NULL, 0, 0),
(551, 23, 1, 'Hey, good to see a friendly face!', NULL, 0, 0),
(552, 23, 1, 'Hi, I hope you\'re having a good day.', NULL, 0, 0),
(553, 23, 1, 'Hey, good to see you\'re doing well!', NULL, 0, 0),
(554, 23, 1, 'Hi, hope you\'re doing fine.', NULL, 0, 0),
(555, 24, 1, 'Hi there!', NULL, 0, 0),
(556, 24, 1, 'Hello, good to see you.', NULL, 0, 0),
(557, 24, 1, 'Greetings!', NULL, 0, 0),
(558, 24, 1, 'Salutations!', NULL, 0, 0),
(559, 24, 1, 'Nice to meet you!', NULL, 0, 0),
(560, 24, 1, 'Hiya!', NULL, 0, 0),
(561, 24, 1, 'Top of the morning to you!', NULL, 0, 0),
(562, 24, 1, 'Bonjour!', NULL, 0, 0),
(563, 24, 1, 'Welcome!', NULL, 0, 0),
(564, 24, 1, 'Good to see you again!', NULL, 0, 0),
(565, 24, 1, 'Hola!', NULL, 0, 0),
(566, 24, 1, 'Namaste!', NULL, 0, 0),
(567, 24, 1, 'Aloha!', NULL, 0, 0),
(568, 24, 1, 'Hey, great to have you here!', NULL, 0, 0),
(569, 24, 1, 'Hey, glad you could make it!', NULL, 0, 0),
(570, 24, 1, 'Howdy, partner!', NULL, 0, 0),
(571, 24, 1, 'Hi, it\'s good to be in your company.', NULL, 0, 0),
(572, 24, 1, 'Good day!', NULL, 0, 0),
(573, 24, 1, 'Hey, thanks for being here!', NULL, 0, 0),
(574, 24, 1, 'It\'s a pleasure to see you.', NULL, 0, 0),
(575, 24, 1, 'Hey, good to see a friendly face!', NULL, 0, 0),
(576, 24, 1, 'Hi, I hope you\'re having a good day.', NULL, 0, 0),
(577, 24, 1, 'Hey, good to see you\'re doing well!', NULL, 0, 0),
(578, 24, 1, 'Hi, hope you\'re doing fine.', NULL, 0, 0),
(579, 25, 1, 'Hi there!', NULL, 0, 0),
(580, 25, 1, 'Hello, good to see you.', NULL, 0, 0),
(581, 25, 1, 'Greetings!', NULL, 0, 0),
(582, 25, 1, 'Salutations!', NULL, 0, 0),
(583, 25, 1, 'Nice to meet you!', NULL, 0, 0),
(584, 25, 1, 'Hiya!', NULL, 0, 0),
(585, 25, 1, 'Top of the morning to you!', NULL, 0, 0),
(586, 25, 1, 'Bonjour!', NULL, 0, 0),
(587, 25, 1, 'Welcome!', NULL, 0, 0),
(588, 25, 1, 'Good to see you again!', NULL, 0, 0),
(589, 25, 1, 'Hola!', NULL, 0, 0),
(590, 25, 1, 'Namaste!', NULL, 0, 0),
(591, 25, 1, 'Aloha!', NULL, 0, 0),
(592, 25, 1, 'Hey, great to have you here!', NULL, 0, 0),
(593, 25, 1, 'Hey, glad you could make it!', NULL, 0, 0),
(594, 25, 1, 'Howdy, partner!', NULL, 0, 0),
(595, 25, 1, 'Hi, it\'s good to be in your company.', NULL, 0, 0),
(596, 25, 1, 'Good day!', NULL, 0, 0),
(597, 25, 1, 'Hey, thanks for being here!', NULL, 0, 0),
(598, 25, 1, 'It\'s a pleasure to see you.', NULL, 0, 0),
(599, 25, 1, 'Hey, good to see a friendly face!', NULL, 0, 0),
(600, 25, 1, 'Hi, I hope you\'re having a good day.', NULL, 0, 0),
(601, 25, 1, 'Hey, good to see you\'re doing well!', NULL, 0, 0),
(602, 25, 1, 'Hi, hope you\'re doing fine.', NULL, 0, 0),
(603, 26, 1, 'Hi there!', NULL, 0, 0),
(604, 26, 1, 'Hello, good to see you.', NULL, 0, 0),
(605, 26, 1, 'Greetings!', NULL, 0, 0),
(606, 26, 1, 'Salutations!', NULL, 0, 0),
(607, 26, 1, 'Nice to meet you!', NULL, 0, 0),
(608, 26, 1, 'Hiya!', NULL, 0, 0),
(609, 26, 1, 'Top of the morning to you!', NULL, 0, 0),
(610, 26, 1, 'Bonjour!', NULL, 0, 0),
(611, 26, 1, 'Welcome!', NULL, 0, 0),
(612, 26, 1, 'Good to see you again!', NULL, 0, 0),
(613, 26, 1, 'Hola!', NULL, 0, 0),
(614, 26, 1, 'Namaste!', NULL, 0, 0),
(615, 26, 1, 'Aloha!', NULL, 0, 0),
(616, 26, 1, 'Hey, great to have you here!', NULL, 0, 0),
(617, 26, 1, 'Hey, glad you could make it!', NULL, 0, 0),
(618, 26, 1, 'Howdy, partner!', NULL, 0, 0),
(619, 26, 1, 'Hi, it\'s good to be in your company.', NULL, 0, 0),
(620, 26, 1, 'Good day!', NULL, 0, 0),
(621, 26, 1, 'Hey, thanks for being here!', NULL, 0, 0),
(622, 26, 1, 'It\'s a pleasure to see you.', NULL, 0, 0),
(623, 26, 1, 'Hey, good to see a friendly face!', NULL, 0, 0),
(624, 26, 1, 'Hi, I hope you\'re having a good day.', NULL, 0, 0),
(625, 26, 1, 'Hey, good to see you\'re doing well!', NULL, 0, 0),
(626, 26, 1, 'Hi, hope you\'re doing fine.', NULL, 0, 0),
(627, 27, 1, 'Hi there!', NULL, 0, 0),
(628, 27, 1, 'Hello, good to see you.', NULL, 0, 0),
(629, 27, 1, 'Greetings!', NULL, 0, 0),
(630, 27, 1, 'Salutations!', NULL, 0, 0),
(631, 27, 1, 'Nice to meet you!', NULL, 0, 0),
(632, 27, 1, 'Hiya!', NULL, 0, 0),
(633, 27, 1, 'Top of the morning to you!', NULL, 0, 0),
(634, 27, 1, 'Bonjour!', NULL, 0, 0),
(635, 27, 1, 'Welcome!', NULL, 0, 0),
(636, 27, 1, 'Good to see you again!', NULL, 0, 0),
(637, 27, 1, 'Hola!', NULL, 0, 0),
(638, 27, 1, 'Namaste!', NULL, 0, 0),
(639, 27, 1, 'Aloha!', NULL, 0, 0),
(640, 27, 1, 'Hey, great to have you here!', NULL, 0, 0),
(641, 27, 1, 'Hey, glad you could make it!', NULL, 0, 0),
(642, 27, 1, 'Howdy, partner!', NULL, 0, 0),
(643, 27, 1, 'Hi, it\'s good to be in your company.', NULL, 0, 0),
(644, 27, 1, 'Good day!', NULL, 0, 0),
(645, 27, 1, 'Hey, thanks for being here!', NULL, 0, 0),
(646, 27, 1, 'It\'s a pleasure to see you.', NULL, 0, 0),
(647, 27, 1, 'Hey, good to see a friendly face!', NULL, 0, 0),
(648, 27, 1, 'Hi, I hope you\'re having a good day.', NULL, 0, 0),
(649, 27, 1, 'Hey, good to see you\'re doing well!', NULL, 0, 0),
(650, 27, 1, 'Hi, hope you\'re doing fine.', NULL, 0, 0),
(651, 28, 1, 'Hi there!', NULL, 0, 0),
(652, 28, 1, 'Hello, good to see you.', NULL, 0, 0),
(653, 28, 1, 'Greetings!', NULL, 0, 0),
(654, 28, 1, 'Salutations!', NULL, 0, 0),
(655, 28, 1, 'Nice to meet you!', NULL, 0, 0),
(656, 28, 1, 'Hiya!', NULL, 0, 0),
(657, 28, 1, 'Top of the morning to you!', NULL, 0, 0),
(658, 28, 1, 'Bonjour!', NULL, 0, 0),
(659, 28, 1, 'Welcome!', NULL, 0, 0),
(660, 28, 1, 'Good to see you again!', NULL, 0, 0),
(661, 28, 1, 'Hola!', NULL, 0, 0),
(662, 28, 1, 'Namaste!', NULL, 0, 0),
(663, 28, 1, 'Aloha!', NULL, 0, 0),
(664, 28, 1, 'Hey, great to have you here!', NULL, 0, 0),
(665, 28, 1, 'Hey, glad you could make it!', NULL, 0, 0),
(666, 28, 1, 'Howdy, partner!', NULL, 0, 0),
(667, 28, 1, 'Hi, it\'s good to be in your company.', NULL, 0, 0),
(668, 28, 1, 'Good day!', NULL, 0, 0),
(669, 28, 1, 'Hey, thanks for being here!', NULL, 0, 0),
(670, 28, 1, 'It\'s a pleasure to see you.', NULL, 0, 0),
(671, 28, 1, 'Hey, good to see a friendly face!', NULL, 0, 0),
(672, 28, 1, 'Hi, I hope you\'re having a good day.', NULL, 0, 0),
(673, 28, 1, 'Hey, good to see you\'re doing well!', NULL, 0, 0),
(674, 28, 1, 'Hi, hope you\'re doing fine.', NULL, 0, 0),
(675, 29, 1, 'Hi there!', NULL, 0, 0),
(676, 29, 1, 'Hello, good to see you.', NULL, 0, 0),
(677, 29, 1, 'Greetings!', NULL, 0, 0),
(678, 29, 1, 'Salutations!', NULL, 0, 0),
(679, 29, 1, 'Nice to meet you!', NULL, 0, 0),
(680, 29, 1, 'Hiya!', NULL, 0, 0),
(681, 29, 1, 'Top of the morning to you!', NULL, 0, 0),
(682, 29, 1, 'Bonjour!', NULL, 0, 0),
(683, 29, 1, 'Welcome!', NULL, 0, 0),
(684, 29, 1, 'Good to see you again!', NULL, 0, 0),
(685, 29, 1, 'Hola!', NULL, 0, 0),
(686, 29, 1, 'Namaste!', NULL, 0, 0),
(687, 29, 1, 'Aloha!', NULL, 0, 0),
(688, 29, 1, 'Hey, great to have you here!', NULL, 0, 0),
(689, 29, 1, 'Hey, glad you could make it!', NULL, 0, 0),
(690, 29, 1, 'Howdy, partner!', NULL, 0, 0),
(691, 29, 1, 'Hi, it\'s good to be in your company.', NULL, 0, 0),
(692, 29, 1, 'Good day!', NULL, 0, 0),
(693, 29, 1, 'Hey, thanks for being here!', NULL, 0, 0),
(694, 29, 1, 'It\'s a pleasure to see you.', NULL, 0, 0),
(695, 29, 1, 'Hey, good to see a friendly face!', NULL, 0, 0),
(696, 29, 1, 'Hi, I hope you\'re having a good day.', NULL, 0, 0),
(697, 29, 1, 'Hey, good to see you\'re doing well!', NULL, 0, 0),
(698, 29, 1, 'Hi, hope you\'re doing fine.', NULL, 0, 0),
(699, 30, 1, 'Hi there!', NULL, 0, 0),
(700, 30, 1, 'Hello, good to see you.', NULL, 0, 0),
(701, 30, 1, 'Greetings!', NULL, 0, 0),
(702, 30, 1, 'Salutations!', NULL, 0, 0),
(703, 30, 1, 'Nice to meet you!', NULL, 0, 0),
(704, 30, 1, 'Hiya!', NULL, 0, 0),
(705, 30, 1, 'Top of the morning to you!', NULL, 0, 0),
(706, 30, 1, 'Bonjour!', NULL, 0, 0),
(707, 30, 1, 'Welcome!', NULL, 0, 0),
(708, 30, 1, 'Good to see you again!', NULL, 0, 0),
(709, 30, 1, 'Hola!', NULL, 0, 0),
(710, 30, 1, 'Namaste!', NULL, 0, 0),
(711, 30, 1, 'Aloha!', NULL, 0, 0),
(712, 30, 1, 'Hey, great to have you here!', NULL, 0, 0),
(713, 30, 1, 'Hey, glad you could make it!', NULL, 0, 0),
(714, 30, 1, 'Howdy, partner!', NULL, 0, 0),
(715, 30, 1, 'Hi, it\'s good to be in your company.', NULL, 0, 0),
(716, 30, 1, 'Good day!', NULL, 0, 0),
(717, 30, 1, 'Hey, thanks for being here!', NULL, 0, 0),
(718, 30, 1, 'It\'s a pleasure to see you.', NULL, 0, 0),
(719, 30, 1, 'Hey, good to see a friendly face!', NULL, 0, 0),
(720, 30, 1, 'Hi, I hope you\'re having a good day.', NULL, 0, 0),
(721, 30, 1, 'Hey, good to see you\'re doing well!', NULL, 0, 0),
(722, 30, 1, 'Hi, hope you\'re doing fine.', NULL, 0, 0),
(723, 31, 1, 'Hi there!', NULL, 0, 0),
(724, 31, 1, 'Hello, good to see you.', NULL, 0, 0),
(725, 31, 1, 'Greetings!', NULL, 0, 0),
(726, 31, 1, 'Salutations!', NULL, 0, 0),
(727, 31, 1, 'Nice to meet you!', NULL, 0, 0),
(728, 31, 1, 'Hiya!', NULL, 0, 0),
(729, 31, 1, 'Top of the morning to you!', NULL, 0, 0),
(730, 31, 1, 'Bonjour!', NULL, 0, 0),
(731, 31, 1, 'Welcome!', NULL, 0, 0),
(732, 31, 1, 'Good to see you again!', NULL, 0, 0),
(733, 31, 1, 'Hola!', NULL, 0, 0),
(734, 31, 1, 'Namaste!', NULL, 0, 0),
(735, 31, 1, 'Aloha!', NULL, 0, 0),
(736, 31, 1, 'Hey, great to have you here!', NULL, 0, 0),
(737, 31, 1, 'Hey, glad you could make it!', NULL, 0, 0),
(738, 31, 1, 'Howdy, partner!', NULL, 0, 0),
(739, 31, 1, 'Hi, it\'s good to be in your company.', NULL, 0, 0),
(740, 31, 1, 'Good day!', NULL, 0, 0),
(741, 31, 1, 'Hey, thanks for being here!', NULL, 0, 0),
(742, 31, 1, 'It\'s a pleasure to see you.', NULL, 0, 0),
(743, 31, 1, 'Hey, good to see a friendly face!', NULL, 0, 0),
(744, 31, 1, 'Hi, I hope you\'re having a good day.', NULL, 0, 0),
(745, 31, 1, 'Hey, good to see you\'re doing well!', NULL, 0, 0),
(746, 31, 1, 'Hi, hope you\'re doing fine.', NULL, 0, 0),
(747, 32, 1, 'Hi there!', NULL, 0, 0),
(748, 32, 1, 'Hello, good to see you.', NULL, 0, 0),
(749, 32, 1, 'Greetings!', NULL, 0, 0),
(750, 32, 1, 'Salutations!', NULL, 0, 0),
(751, 32, 1, 'Nice to meet you!', NULL, 0, 0),
(752, 32, 1, 'Hiya!', NULL, 0, 0),
(753, 32, 1, 'Top of the morning to you!', NULL, 0, 0),
(754, 32, 1, 'Bonjour!', NULL, 0, 0),
(755, 32, 1, 'Welcome!', NULL, 0, 0),
(756, 32, 1, 'Good to see you again!', NULL, 0, 0),
(757, 32, 1, 'Hola!', NULL, 0, 0),
(758, 32, 1, 'Namaste!', NULL, 0, 0),
(759, 32, 1, 'Aloha!', NULL, 0, 0),
(760, 32, 1, 'Hey, great to have you here!', NULL, 0, 0),
(761, 32, 1, 'Hey, glad you could make it!', NULL, 0, 0),
(762, 32, 1, 'Howdy, partner!', NULL, 0, 0),
(763, 32, 1, 'Hi, it\'s good to be in your company.', NULL, 0, 0),
(764, 32, 1, 'Good day!', NULL, 0, 0),
(765, 32, 1, 'Hey, thanks for being here!', NULL, 0, 0),
(766, 32, 1, 'It\'s a pleasure to see you.', NULL, 0, 0),
(767, 32, 1, 'Hey, good to see a friendly face!', NULL, 0, 0),
(768, 32, 1, 'Hi, I hope you\'re having a good day.', NULL, 0, 0),
(769, 32, 1, 'Hey, good to see you\'re doing well!', NULL, 0, 0),
(770, 32, 1, 'Hi, hope you\'re doing fine.', NULL, 0, 0),
(771, 33, 1, 'Hi there!', NULL, 0, 0),
(772, 33, 1, 'Hello, good to see you.', NULL, 0, 0),
(773, 33, 1, 'Greetings!', NULL, 0, 0),
(774, 33, 1, 'Salutations!', NULL, 0, 0),
(775, 33, 1, 'Nice to meet you!', NULL, 0, 0),
(776, 33, 1, 'Hiya!', NULL, 0, 0),
(777, 33, 1, 'Top of the morning to you!', NULL, 0, 0),
(778, 33, 1, 'Bonjour!', NULL, 0, 0),
(779, 33, 1, 'Welcome!', NULL, 0, 0),
(780, 33, 1, 'Good to see you again!', NULL, 0, 0),
(781, 33, 1, 'Hola!', NULL, 0, 0),
(782, 33, 1, 'Namaste!', NULL, 0, 0),
(783, 33, 1, 'Aloha!', NULL, 0, 0),
(784, 33, 1, 'Hey, great to have you here!', NULL, 0, 0),
(785, 33, 1, 'Hey, glad you could make it!', NULL, 0, 0),
(786, 33, 1, 'Howdy, partner!', NULL, 0, 0),
(787, 33, 1, 'Hi, it\'s good to be in your company.', NULL, 0, 0),
(788, 33, 1, 'Good day!', NULL, 0, 0),
(789, 33, 1, 'Hey, thanks for being here!', NULL, 0, 0),
(790, 33, 1, 'It\'s a pleasure to see you.', NULL, 0, 0),
(791, 33, 1, 'Hey, good to see a friendly face!', NULL, 0, 0),
(792, 33, 1, 'Hi, I hope you\'re having a good day.', NULL, 0, 0),
(793, 33, 1, 'Hey, good to see you\'re doing well!', NULL, 0, 0),
(794, 33, 1, 'Hi, hope you\'re doing fine.', NULL, 0, 0),
(795, 34, 1, 'Hi there!', NULL, 0, 0),
(796, 34, 1, 'Hello, good to see you.', NULL, 0, 0),
(797, 34, 1, 'Greetings!', NULL, 0, 0),
(798, 34, 1, 'Salutations!', NULL, 0, 0),
(799, 34, 1, 'Nice to meet you!', NULL, 0, 0),
(800, 34, 1, 'Hiya!', NULL, 0, 0),
(801, 34, 1, 'Top of the morning to you!', NULL, 0, 0),
(802, 34, 1, 'Bonjour!', NULL, 0, 0),
(803, 34, 1, 'Welcome!', NULL, 0, 0),
(804, 34, 1, 'Good to see you again!', NULL, 0, 0),
(805, 34, 1, 'Hola!', NULL, 0, 0),
(806, 34, 1, 'Namaste!', NULL, 0, 0),
(807, 34, 1, 'Aloha!', NULL, 0, 0),
(808, 34, 1, 'Hey, great to have you here!', NULL, 0, 0),
(809, 34, 1, 'Hey, glad you could make it!', NULL, 0, 0),
(810, 34, 1, 'Howdy, partner!', NULL, 0, 0),
(811, 34, 1, 'Hi, it\'s good to be in your company.', NULL, 0, 0),
(812, 34, 1, 'Good day!', NULL, 0, 0),
(813, 34, 1, 'Hey, thanks for being here!', NULL, 0, 0),
(814, 34, 1, 'It\'s a pleasure to see you.', NULL, 0, 0),
(815, 34, 1, 'Hey, good to see a friendly face!', NULL, 0, 0),
(816, 34, 1, 'Hi, I hope you\'re having a good day.', NULL, 0, 0),
(817, 34, 1, 'Hey, good to see you\'re doing well!', NULL, 0, 0),
(818, 34, 1, 'Hi, hope you\'re doing fine.', NULL, 0, 0),
(819, 35, 1, 'Hi there!', NULL, 0, 0),
(820, 35, 1, 'Hello, good to see you.', NULL, 0, 0),
(821, 35, 1, 'Greetings!', NULL, 0, 0),
(822, 35, 1, 'Salutations!', NULL, 0, 0),
(823, 35, 1, 'Nice to meet you!', NULL, 0, 0),
(824, 35, 1, 'Hiya!', NULL, 0, 0),
(825, 35, 1, 'Top of the morning to you!', NULL, 0, 0),
(826, 35, 1, 'Bonjour!', NULL, 0, 0),
(827, 35, 1, 'Welcome!', NULL, 0, 0),
(828, 35, 1, 'Good to see you again!', NULL, 0, 0),
(829, 35, 1, 'Hola!', NULL, 0, 0),
(830, 35, 1, 'Namaste!', NULL, 0, 0),
(831, 35, 1, 'Aloha!', NULL, 0, 0),
(832, 35, 1, 'Hey, great to have you here!', NULL, 0, 0),
(833, 35, 1, 'Hey, glad you could make it!', NULL, 0, 0),
(834, 35, 1, 'Howdy, partner!', NULL, 0, 0),
(835, 35, 1, 'Hi, it\'s good to be in your company.', NULL, 0, 0),
(836, 35, 1, 'Good day!', NULL, 0, 0),
(837, 35, 1, 'Hey, thanks for being here!', NULL, 0, 0),
(838, 35, 1, 'It\'s a pleasure to see you.', NULL, 0, 0),
(839, 35, 1, 'Hey, good to see a friendly face!', NULL, 0, 0),
(840, 35, 1, 'Hi, I hope you\'re having a good day.', NULL, 0, 0),
(841, 35, 1, 'Hey, good to see you\'re doing well!', NULL, 0, 0),
(842, 35, 1, 'Hi, hope you\'re doing fine.', NULL, 0, 0),
(843, 36, 1, 'Hi there!', NULL, 0, 0),
(844, 36, 1, 'Hello, good to see you.', NULL, 0, 0),
(845, 36, 1, 'Greetings!', NULL, 0, 0),
(846, 36, 1, 'Salutations!', NULL, 0, 0),
(847, 36, 1, 'Nice to meet you!', NULL, 0, 0),
(848, 36, 1, 'Hiya!', NULL, 0, 0),
(849, 36, 1, 'Top of the morning to you!', NULL, 0, 0),
(850, 36, 1, 'Bonjour!', NULL, 0, 0),
(851, 36, 1, 'Welcome!', NULL, 0, 0),
(852, 36, 1, 'Good to see you again!', NULL, 0, 0),
(853, 36, 1, 'Hola!', NULL, 0, 0),
(854, 36, 1, 'Namaste!', NULL, 0, 0),
(855, 36, 1, 'Aloha!', NULL, 0, 0),
(856, 36, 1, 'Hey, great to have you here!', NULL, 0, 0),
(857, 36, 1, 'Hey, glad you could make it!', NULL, 0, 0),
(858, 36, 1, 'Howdy, partner!', NULL, 0, 0),
(859, 36, 1, 'Hi, it\'s good to be in your company.', NULL, 0, 0),
(860, 36, 1, 'Good day!', NULL, 0, 0),
(861, 36, 1, 'Hey, thanks for being here!', NULL, 0, 0),
(862, 36, 1, 'It\'s a pleasure to see you.', NULL, 0, 0),
(863, 36, 1, 'Hey, good to see a friendly face!', NULL, 0, 0),
(864, 36, 1, 'Hi, I hope you\'re having a good day.', NULL, 0, 0),
(865, 36, 1, 'Hey, good to see you\'re doing well!', NULL, 0, 0),
(866, 36, 1, 'Hi, hope you\'re doing fine.', NULL, 0, 0),
(867, 37, 1, 'Hi there!', NULL, 0, 0),
(868, 37, 1, 'Hello, good to see you.', NULL, 0, 0),
(869, 37, 1, 'Greetings!', NULL, 0, 0),
(870, 37, 1, 'Salutations!', NULL, 0, 0),
(871, 37, 1, 'Nice to meet you!', NULL, 0, 0),
(872, 37, 1, 'Hiya!', NULL, 0, 0),
(873, 37, 1, 'Top of the morning to you!', NULL, 0, 0),
(874, 37, 1, 'Bonjour!', NULL, 0, 0),
(875, 37, 1, 'Welcome!', NULL, 0, 0),
(876, 37, 1, 'Good to see you again!', NULL, 0, 0),
(877, 37, 1, 'Hola!', NULL, 0, 0),
(878, 37, 1, 'Namaste!', NULL, 0, 0),
(879, 37, 1, 'Aloha!', NULL, 0, 0),
(880, 37, 1, 'Hey, great to have you here!', NULL, 0, 0),
(881, 37, 1, 'Hey, glad you could make it!', NULL, 0, 0),
(882, 37, 1, 'Howdy, partner!', NULL, 0, 0),
(883, 37, 1, 'Hi, it\'s good to be in your company.', NULL, 0, 0),
(884, 37, 1, 'Good day!', NULL, 0, 0),
(885, 37, 1, 'Hey, thanks for being here!', NULL, 0, 0),
(886, 37, 1, 'It\'s a pleasure to see you.', NULL, 0, 0),
(887, 37, 1, 'Hey, good to see a friendly face!', NULL, 0, 0),
(888, 37, 1, 'Hi, I hope you\'re having a good day.', NULL, 0, 0),
(889, 37, 1, 'Hey, good to see you\'re doing well!', NULL, 0, 0),
(890, 37, 1, 'Hi, hope you\'re doing fine.', NULL, 0, 0),
(891, 38, 1, 'Hi there!', NULL, 0, 0),
(892, 38, 1, 'Hello, good to see you.', NULL, 0, 0),
(893, 38, 1, 'Greetings!', NULL, 0, 0),
(894, 38, 1, 'Salutations!', NULL, 0, 0),
(895, 38, 1, 'Nice to meet you!', NULL, 0, 0),
(896, 38, 1, 'Hiya!', NULL, 0, 0),
(897, 38, 1, 'Top of the morning to you!', NULL, 0, 0),
(898, 38, 1, 'Bonjour!', NULL, 0, 0),
(899, 38, 1, 'Welcome!', NULL, 0, 0),
(900, 38, 1, 'Good to see you again!', NULL, 0, 0),
(901, 38, 1, 'Hola!', NULL, 0, 0),
(902, 38, 1, 'Namaste!', NULL, 0, 0),
(903, 38, 1, 'Aloha!', NULL, 0, 0),
(904, 38, 1, 'Hey, great to have you here!', NULL, 0, 0),
(905, 38, 1, 'Hey, glad you could make it!', NULL, 0, 0),
(906, 38, 1, 'Howdy, partner!', NULL, 0, 0),
(907, 38, 1, 'Hi, it\'s good to be in your company.', NULL, 0, 0),
(908, 38, 1, 'Good day!', NULL, 0, 0),
(909, 38, 1, 'Hey, thanks for being here!', NULL, 0, 0),
(910, 38, 1, 'It\'s a pleasure to see you.', NULL, 0, 0),
(911, 38, 1, 'Hey, good to see a friendly face!', NULL, 0, 0),
(912, 38, 1, 'Hi, I hope you\'re having a good day.', NULL, 0, 0),
(913, 38, 1, 'Hey, good to see you\'re doing well!', NULL, 0, 0),
(914, 38, 1, 'Hi, hope you\'re doing fine.', NULL, 0, 0),
(915, 39, 1, 'Hi there!', NULL, 0, 0),
(916, 39, 1, 'Hello, good to see you.', NULL, 0, 0),
(917, 39, 1, 'Greetings!', NULL, 0, 0),
(918, 39, 1, 'Salutations!', NULL, 0, 0),
(919, 39, 1, 'Nice to meet you!', NULL, 0, 0),
(920, 39, 1, 'Hiya!', NULL, 0, 0),
(921, 39, 1, 'Top of the morning to you!', NULL, 0, 0),
(922, 39, 1, 'Bonjour!', NULL, 0, 0),
(923, 39, 1, 'Welcome!', NULL, 0, 0),
(924, 39, 1, 'Good to see you again!', NULL, 0, 0),
(925, 39, 1, 'Hola!', NULL, 0, 0),
(926, 39, 1, 'Namaste!', NULL, 0, 0),
(927, 39, 1, 'Aloha!', NULL, 0, 0),
(928, 39, 1, 'Hey, great to have you here!', NULL, 0, 0),
(929, 39, 1, 'Hey, glad you could make it!', NULL, 0, 0),
(930, 39, 1, 'Howdy, partner!', NULL, 0, 0),
(931, 39, 1, 'Hi, it\'s good to be in your company.', NULL, 0, 0),
(932, 39, 1, 'Good day!', NULL, 0, 0),
(933, 39, 1, 'Hey, thanks for being here!', NULL, 0, 0),
(934, 39, 1, 'It\'s a pleasure to see you.', NULL, 0, 0),
(935, 39, 1, 'Hey, good to see a friendly face!', NULL, 0, 0),
(936, 39, 1, 'Hi, I hope you\'re having a good day.', NULL, 0, 0),
(937, 39, 1, 'Hey, good to see you\'re doing well!', NULL, 0, 0),
(938, 39, 1, 'Hi, hope you\'re doing fine.', NULL, 0, 0),
(939, 40, 1, 'Hi there!', NULL, 0, 0),
(940, 40, 1, 'Hello, good to see you.', NULL, 0, 0),
(941, 40, 1, 'Greetings!', NULL, 0, 0),
(942, 40, 1, 'Salutations!', NULL, 0, 0),
(943, 40, 1, 'Nice to meet you!', NULL, 0, 0),
(944, 40, 1, 'Hiya!', NULL, 0, 0),
(945, 40, 1, 'Top of the morning to you!', NULL, 0, 0),
(946, 40, 1, 'Bonjour!', NULL, 0, 0),
(947, 40, 1, 'Welcome!', NULL, 0, 0),
(948, 40, 1, 'Good to see you again!', NULL, 0, 0),
(949, 40, 1, 'Hola!', NULL, 0, 0),
(950, 40, 1, 'Namaste!', NULL, 0, 0),
(951, 40, 1, 'Aloha!', NULL, 0, 0),
(952, 40, 1, 'Hey, great to have you here!', NULL, 0, 0),
(953, 40, 1, 'Hey, glad you could make it!', NULL, 0, 0),
(954, 40, 1, 'Howdy, partner!', NULL, 0, 0),
(955, 40, 1, 'Hi, it\'s good to be in your company.', NULL, 0, 0),
(956, 40, 1, 'Good day!', NULL, 0, 0),
(957, 40, 1, 'Hey, thanks for being here!', NULL, 0, 0),
(958, 40, 1, 'It\'s a pleasure to see you.', NULL, 0, 0),
(959, 40, 1, 'Hey, good to see a friendly face!', NULL, 0, 0),
(960, 40, 1, 'Hi, I hope you\'re having a good day.', NULL, 0, 0),
(961, 40, 1, 'Hey, good to see you\'re doing well!', NULL, 0, 0),
(962, 40, 1, 'Hi, hope you\'re doing fine.', NULL, 0, 0),
(963, 41, 1, 'Hi there!', NULL, 0, 0),
(964, 41, 1, 'Hello, good to see you.', NULL, 0, 0),
(965, 41, 1, 'Greetings!', NULL, 0, 0),
(966, 41, 1, 'Salutations!', NULL, 0, 0),
(967, 41, 1, 'Nice to meet you!', NULL, 0, 0),
(968, 41, 1, 'Hiya!', NULL, 0, 0),
(969, 41, 1, 'Top of the morning to you!', NULL, 0, 0),
(970, 41, 1, 'Bonjour!', NULL, 0, 0),
(971, 41, 1, 'Welcome!', NULL, 0, 0),
(972, 41, 1, 'Good to see you again!', NULL, 0, 0),
(973, 41, 1, 'Hola!', NULL, 0, 0),
(974, 41, 1, 'Namaste!', NULL, 0, 0),
(975, 41, 1, 'Aloha!', NULL, 0, 0),
(976, 41, 1, 'Hey, great to have you here!', NULL, 0, 0),
(977, 41, 1, 'Hey, glad you could make it!', NULL, 0, 0),
(978, 41, 1, 'Howdy, partner!', NULL, 0, 0),
(979, 41, 1, 'Hi, it\'s good to be in your company.', NULL, 0, 0),
(980, 41, 1, 'Good day!', NULL, 0, 0),
(981, 41, 1, 'Hey, thanks for being here!', NULL, 0, 0),
(982, 41, 1, 'It\'s a pleasure to see you.', NULL, 0, 0),
(983, 41, 1, 'Hey, good to see a friendly face!', NULL, 0, 0),
(984, 41, 1, 'Hi, I hope you\'re having a good day.', NULL, 0, 0),
(985, 41, 1, 'Hey, good to see you\'re doing well!', NULL, 0, 0),
(986, 41, 1, 'Hi, hope you\'re doing fine.', NULL, 0, 0),
(987, 42, 1, 'Hi there!', NULL, 0, 0),
(988, 42, 1, 'Hello, good to see you.', NULL, 0, 0),
(989, 42, 1, 'Greetings!', NULL, 0, 0),
(990, 42, 1, 'Salutations!', NULL, 0, 0),
(991, 42, 1, 'Nice to meet you!', NULL, 0, 0),
(992, 42, 1, 'Hiya!', NULL, 0, 0),
(993, 42, 1, 'Top of the morning to you!', NULL, 0, 0),
(994, 42, 1, 'Bonjour!', NULL, 0, 0),
(995, 42, 1, 'Welcome!', NULL, 0, 0),
(996, 42, 1, 'Good to see you again!', NULL, 0, 0),
(997, 42, 1, 'Hola!', NULL, 0, 0),
(998, 42, 1, 'Namaste!', NULL, 0, 0),
(999, 42, 1, 'Aloha!', NULL, 0, 0),
(1000, 42, 1, 'Hey, great to have you here!', NULL, 0, 0),
(1001, 42, 1, 'Hey, glad you could make it!', NULL, 0, 0),
(1002, 42, 1, 'Howdy, partner!', NULL, 0, 0),
(1003, 42, 1, 'Hi, it\'s good to be in your company.', NULL, 0, 0),
(1004, 42, 1, 'Good day!', NULL, 0, 0),
(1005, 42, 1, 'Hey, thanks for being here!', NULL, 0, 0),
(1006, 42, 1, 'It\'s a pleasure to see you.', NULL, 0, 0),
(1007, 42, 1, 'Hey, good to see a friendly face!', NULL, 0, 0),
(1008, 42, 1, 'Hi, I hope you\'re having a good day.', NULL, 0, 0),
(1009, 42, 1, 'Hey, good to see you\'re doing well!', NULL, 0, 0),
(1010, 42, 1, 'Hi, hope you\'re doing fine.', NULL, 0, 0),
(1011, 43, 1, 'Hi there!', NULL, 0, 0),
(1012, 43, 1, 'Hello, good to see you.', NULL, 0, 0),
(1013, 43, 1, 'Greetings!', NULL, 0, 0),
(1014, 43, 1, 'Salutations!', NULL, 0, 0),
(1015, 43, 1, 'Nice to meet you!', NULL, 0, 0),
(1016, 43, 1, 'Hiya!', NULL, 0, 0),
(1017, 43, 1, 'Top of the morning to you!', NULL, 0, 0),
(1018, 43, 1, 'Bonjour!', NULL, 0, 0),
(1019, 43, 1, 'Welcome!', NULL, 0, 0),
(1020, 43, 1, 'Good to see you again!', NULL, 0, 0),
(1021, 43, 1, 'Hola!', NULL, 0, 0),
(1022, 43, 1, 'Namaste!', NULL, 0, 0),
(1023, 43, 1, 'Aloha!', NULL, 0, 0),
(1024, 43, 1, 'Hey, great to have you here!', NULL, 0, 0),
(1025, 43, 1, 'Hey, glad you could make it!', NULL, 0, 0),
(1026, 43, 1, 'Howdy, partner!', NULL, 0, 0),
(1027, 43, 1, 'Hi, it\'s good to be in your company.', NULL, 0, 0),
(1028, 43, 1, 'Good day!', NULL, 0, 0),
(1029, 43, 1, 'Hey, thanks for being here!', NULL, 0, 0),
(1030, 43, 1, 'It\'s a pleasure to see you.', NULL, 0, 0),
(1031, 43, 1, 'Hey, good to see a friendly face!', NULL, 0, 0),
(1032, 43, 1, 'Hi, I hope you\'re having a good day.', NULL, 0, 0),
(1033, 43, 1, 'Hey, good to see you\'re doing well!', NULL, 0, 0),
(1034, 43, 1, 'Hi, hope you\'re doing fine.', NULL, 0, 0),
(1035, 44, 1, 'Hi there!', NULL, 0, 0),
(1036, 44, 1, 'Hello, good to see you.', NULL, 0, 0),
(1037, 44, 1, 'Greetings!', NULL, 0, 0),
(1038, 44, 1, 'Salutations!', NULL, 0, 0),
(1039, 44, 1, 'Nice to meet you!', NULL, 0, 0),
(1040, 44, 1, 'Hiya!', NULL, 0, 0),
(1041, 44, 1, 'Top of the morning to you!', NULL, 0, 0),
(1042, 44, 1, 'Bonjour!', NULL, 0, 0),
(1043, 44, 1, 'Welcome!', NULL, 0, 0),
(1044, 44, 1, 'Good to see you again!', NULL, 0, 0),
(1045, 44, 1, 'Hola!', NULL, 0, 0),
(1046, 44, 1, 'Namaste!', NULL, 0, 0),
(1047, 44, 1, 'Aloha!', NULL, 0, 0),
(1048, 44, 1, 'Hey, great to have you here!', NULL, 0, 0),
(1049, 44, 1, 'Hey, glad you could make it!', NULL, 0, 0),
(1050, 44, 1, 'Howdy, partner!', NULL, 0, 0),
(1051, 44, 1, 'Hi, it\'s good to be in your company.', NULL, 0, 0),
(1052, 44, 1, 'Good day!', NULL, 0, 0),
(1053, 44, 1, 'Hey, thanks for being here!', NULL, 0, 0),
(1054, 44, 1, 'It\'s a pleasure to see you.', NULL, 0, 0),
(1055, 44, 1, 'Hey, good to see a friendly face!', NULL, 0, 0),
(1056, 44, 1, 'Hi, I hope you\'re having a good day.', NULL, 0, 0),
(1057, 44, 1, 'Hey, good to see you\'re doing well!', NULL, 0, 0),
(1058, 44, 1, 'Hi, hope you\'re doing fine.', NULL, 0, 0),
(1059, 45, 1, 'Hi there!', NULL, 0, 0),
(1060, 45, 1, 'Hello, good to see you.', NULL, 0, 0);
INSERT INTO `botanswers` (`Id`, `QuestionId`, `AnswerTypeId`, `Text`, `Image`, `IsHtml`, `IsButton`) VALUES
(1061, 45, 1, 'Greetings!', NULL, 0, 0),
(1062, 45, 1, 'Salutations!', NULL, 0, 0),
(1063, 45, 1, 'Nice to meet you!', NULL, 0, 0),
(1064, 45, 1, 'Hiya!', NULL, 0, 0),
(1065, 45, 1, 'Top of the morning to you!', NULL, 0, 0),
(1066, 45, 1, 'Bonjour!', NULL, 0, 0),
(1067, 45, 1, 'Welcome!', NULL, 0, 0),
(1068, 45, 1, 'Good to see you again!', NULL, 0, 0),
(1069, 45, 1, 'Hola!', NULL, 0, 0),
(1070, 45, 1, 'Namaste!', NULL, 0, 0),
(1071, 45, 1, 'Aloha!', NULL, 0, 0),
(1072, 45, 1, 'Hey, great to have you here!', NULL, 0, 0),
(1073, 45, 1, 'Hey, glad you could make it!', NULL, 0, 0),
(1074, 45, 1, 'Howdy, partner!', NULL, 0, 0),
(1075, 45, 1, 'Hi, it\'s good to be in your company.', NULL, 0, 0),
(1076, 45, 1, 'Good day!', NULL, 0, 0),
(1077, 45, 1, 'Hey, thanks for being here!', NULL, 0, 0),
(1078, 45, 1, 'It\'s a pleasure to see you.', NULL, 0, 0),
(1079, 45, 1, 'Hey, good to see a friendly face!', NULL, 0, 0),
(1080, 45, 1, 'Hi, I hope you\'re having a good day.', NULL, 0, 0),
(1081, 45, 1, 'Hey, good to see you\'re doing well!', NULL, 0, 0),
(1082, 45, 1, 'Hi, hope you\'re doing fine.', NULL, 0, 0),
(1083, 46, 1, 'Hi there!', NULL, 0, 0),
(1084, 46, 1, 'Hello, good to see you.', NULL, 0, 0),
(1085, 46, 1, 'Greetings!', NULL, 0, 0),
(1086, 46, 1, 'Salutations!', NULL, 0, 0),
(1087, 46, 1, 'Nice to meet you!', NULL, 0, 0),
(1088, 46, 1, 'Hiya!', NULL, 0, 0),
(1089, 46, 1, 'Top of the morning to you!', NULL, 0, 0),
(1090, 46, 1, 'Bonjour!', NULL, 0, 0),
(1091, 46, 1, 'Welcome!', NULL, 0, 0),
(1092, 46, 1, 'Good to see you again!', NULL, 0, 0),
(1093, 46, 1, 'Hola!', NULL, 0, 0),
(1094, 46, 1, 'Namaste!', NULL, 0, 0),
(1095, 46, 1, 'Aloha!', NULL, 0, 0),
(1096, 46, 1, 'Hey, great to have you here!', NULL, 0, 0),
(1097, 46, 1, 'Hey, glad you could make it!', NULL, 0, 0),
(1098, 46, 1, 'Howdy, partner!', NULL, 0, 0),
(1099, 46, 1, 'Hi, it\'s good to be in your company.', NULL, 0, 0),
(1100, 46, 1, 'Good day!', NULL, 0, 0),
(1101, 46, 1, 'Hey, thanks for being here!', NULL, 0, 0),
(1102, 46, 1, 'It\'s a pleasure to see you.', NULL, 0, 0),
(1103, 46, 1, 'Hey, good to see a friendly face!', NULL, 0, 0),
(1104, 46, 1, 'Hi, I hope you\'re having a good day.', NULL, 0, 0),
(1105, 46, 1, 'Hey, good to see you\'re doing well!', NULL, 0, 0),
(1106, 46, 1, 'Hi, hope you\'re doing fine.', NULL, 0, 0),
(1107, 47, 1, 'Hi there!', NULL, 0, 0),
(1108, 47, 1, 'Hello, good to see you.', NULL, 0, 0),
(1109, 47, 1, 'Greetings!', NULL, 0, 0),
(1110, 47, 1, 'Salutations!', NULL, 0, 0),
(1111, 47, 1, 'Nice to meet you!', NULL, 0, 0),
(1112, 47, 1, 'Hiya!', NULL, 0, 0),
(1113, 47, 1, 'Top of the morning to you!', NULL, 0, 0),
(1114, 47, 1, 'Bonjour!', NULL, 0, 0),
(1115, 47, 1, 'Welcome!', NULL, 0, 0),
(1116, 47, 1, 'Good to see you again!', NULL, 0, 0),
(1117, 47, 1, 'Hola!', NULL, 0, 0),
(1118, 47, 1, 'Namaste!', NULL, 0, 0),
(1119, 47, 1, 'Aloha!', NULL, 0, 0),
(1120, 47, 1, 'Hey, great to have you here!', NULL, 0, 0),
(1121, 47, 1, 'Hey, glad you could make it!', NULL, 0, 0),
(1122, 47, 1, 'Howdy, partner!', NULL, 0, 0),
(1123, 47, 1, 'Hi, it\'s good to be in your company.', NULL, 0, 0),
(1124, 47, 1, 'Good day!', NULL, 0, 0),
(1125, 47, 1, 'Hey, thanks for being here!', NULL, 0, 0),
(1126, 47, 1, 'It\'s a pleasure to see you.', NULL, 0, 0),
(1127, 47, 1, 'Hey, good to see a friendly face!', NULL, 0, 0),
(1128, 47, 1, 'Hi, I hope you\'re having a good day.', NULL, 0, 0),
(1129, 47, 1, 'Hey, good to see you\'re doing well!', NULL, 0, 0),
(1130, 47, 1, 'Hi, hope you\'re doing fine.', NULL, 0, 0),
(1131, 48, 1, 'Hi there!', NULL, 0, 0),
(1132, 48, 1, 'Hello, good to see you.', NULL, 0, 0),
(1133, 48, 1, 'Greetings!', NULL, 0, 0),
(1134, 48, 1, 'Salutations!', NULL, 0, 0),
(1135, 48, 1, 'Nice to meet you!', NULL, 0, 0),
(1136, 48, 1, 'Hiya!', NULL, 0, 0),
(1137, 48, 1, 'Top of the morning to you!', NULL, 0, 0),
(1138, 48, 1, 'Bonjour!', NULL, 0, 0),
(1139, 48, 1, 'Welcome!', NULL, 0, 0),
(1140, 48, 1, 'Good to see you again!', NULL, 0, 0),
(1141, 48, 1, 'Hola!', NULL, 0, 0),
(1142, 48, 1, 'Namaste!', NULL, 0, 0),
(1143, 48, 1, 'Aloha!', NULL, 0, 0),
(1144, 48, 1, 'Hey, great to have you here!', NULL, 0, 0),
(1145, 48, 1, 'Hey, glad you could make it!', NULL, 0, 0),
(1146, 48, 1, 'Howdy, partner!', NULL, 0, 0),
(1147, 48, 1, 'Hi, it\'s good to be in your company.', NULL, 0, 0),
(1148, 48, 1, 'Good day!', NULL, 0, 0),
(1149, 48, 1, 'Hey, thanks for being here!', NULL, 0, 0),
(1150, 48, 1, 'It\'s a pleasure to see you.', NULL, 0, 0),
(1151, 48, 1, 'Hey, good to see a friendly face!', NULL, 0, 0),
(1152, 48, 1, 'Hi, I hope you\'re having a good day.', NULL, 0, 0),
(1153, 48, 1, 'Hey, good to see you\'re doing well!', NULL, 0, 0),
(1154, 48, 1, 'Hi, hope you\'re doing fine.', NULL, 0, 0),
(1155, 49, 1, 'Hi there!', NULL, 0, 0),
(1156, 49, 1, 'Hello, good to see you.', NULL, 0, 0),
(1157, 49, 1, 'Greetings!', NULL, 0, 0),
(1158, 49, 1, 'Salutations!', NULL, 0, 0),
(1159, 49, 1, 'Nice to meet you!', NULL, 0, 0),
(1160, 49, 1, 'Hiya!', NULL, 0, 0),
(1161, 49, 1, 'Top of the morning to you!', NULL, 0, 0),
(1162, 49, 1, 'Bonjour!', NULL, 0, 0),
(1163, 49, 1, 'Welcome!', NULL, 0, 0),
(1164, 49, 1, 'Good to see you again!', NULL, 0, 0),
(1165, 49, 1, 'Hola!', NULL, 0, 0),
(1166, 49, 1, 'Namaste!', NULL, 0, 0),
(1167, 49, 1, 'Aloha!', NULL, 0, 0),
(1168, 49, 1, 'Hey, great to have you here!', NULL, 0, 0),
(1169, 49, 1, 'Hey, glad you could make it!', NULL, 0, 0),
(1170, 49, 1, 'Howdy, partner!', NULL, 0, 0),
(1171, 49, 1, 'Hi, it\'s good to be in your company.', NULL, 0, 0),
(1172, 49, 1, 'Good day!', NULL, 0, 0),
(1173, 49, 1, 'Hey, thanks for being here!', NULL, 0, 0),
(1174, 49, 1, 'It\'s a pleasure to see you.', NULL, 0, 0),
(1175, 49, 1, 'Hey, good to see a friendly face!', NULL, 0, 0),
(1176, 49, 1, 'Hi, I hope you\'re having a good day.', NULL, 0, 0),
(1177, 49, 1, 'Hey, good to see you\'re doing well!', NULL, 0, 0),
(1178, 49, 1, 'Hi, hope you\'re doing fine.', NULL, 0, 0),
(1203, 50, 1, 'Hi there!', NULL, 0, 0),
(1204, 50, 1, 'Hello, good to see you.', NULL, 0, 0),
(1205, 50, 1, 'Greetings!', NULL, 0, 0),
(1206, 50, 1, 'Salutations!', NULL, 0, 0),
(1207, 50, 1, 'Nice to meet you!', NULL, 0, 0),
(1208, 50, 1, 'Hiya!', NULL, 0, 0),
(1209, 50, 1, 'Top of the morning to you!', NULL, 0, 0),
(1210, 50, 1, 'Bonjour!', NULL, 0, 0),
(1211, 50, 1, 'Welcome!', NULL, 0, 0),
(1212, 50, 1, 'Good to see you again!', NULL, 0, 0),
(1213, 50, 1, 'Hola!', NULL, 0, 0),
(1214, 50, 1, 'Namaste!', NULL, 0, 0),
(1215, 50, 1, 'Aloha!', NULL, 0, 0),
(1216, 50, 1, 'Hey, great to have you here!', NULL, 0, 0),
(1217, 50, 1, 'Hey, glad you could make it!', NULL, 0, 0),
(1218, 50, 1, 'Howdy, partner!', NULL, 0, 0),
(1219, 50, 1, 'Hi, it\'s good to be in your company.', NULL, 0, 0),
(1220, 50, 1, 'Good day!', NULL, 0, 0),
(1221, 50, 1, 'Hey, thanks for being here!', NULL, 0, 0),
(1222, 50, 1, 'It\'s a pleasure to see you.', NULL, 0, 0),
(1223, 50, 1, 'Hey, good to see a friendly face!', NULL, 0, 0),
(1224, 50, 1, 'Hi, I hope you\'re having a good day.', NULL, 0, 0),
(1225, 50, 1, 'Hey, good to see you\'re doing well!', NULL, 0, 0),
(1226, 50, 1, 'Hi, hope you\'re doing fine.', NULL, 0, 0),
(1227, 51, 1, 'Hi there!', NULL, 0, 0),
(1228, 51, 1, 'Hello, good to see you.', NULL, 0, 0),
(1229, 51, 1, 'Greetings!', NULL, 0, 0),
(1230, 51, 1, 'Salutations!', NULL, 0, 0),
(1231, 51, 1, 'Nice to meet you!', NULL, 0, 0),
(1232, 51, 1, 'Hiya!', NULL, 0, 0),
(1233, 51, 1, 'Top of the morning to you!', NULL, 0, 0),
(1234, 51, 1, 'Bonjour!', NULL, 0, 0),
(1235, 51, 1, 'Welcome!', NULL, 0, 0),
(1236, 51, 1, 'Good to see you again!', NULL, 0, 0),
(1237, 51, 1, 'Hola!', NULL, 0, 0),
(1238, 51, 1, 'Namaste!', NULL, 0, 0),
(1239, 51, 1, 'Aloha!', NULL, 0, 0),
(1240, 51, 1, 'Hey, great to have you here!', NULL, 0, 0),
(1241, 51, 1, 'Hey, glad you could make it!', NULL, 0, 0),
(1242, 51, 1, 'Howdy, partner!', NULL, 0, 0),
(1243, 51, 1, 'Hi, it\'s good to be in your company.', NULL, 0, 0),
(1244, 51, 1, 'Good day!', NULL, 0, 0),
(1245, 51, 1, 'Hey, thanks for being here!', NULL, 0, 0),
(1246, 51, 1, 'It\'s a pleasure to see you.', NULL, 0, 0),
(1247, 51, 1, 'Hey, good to see a friendly face!', NULL, 0, 0),
(1248, 51, 1, 'Hi, I hope you\'re having a good day.', NULL, 0, 0),
(1249, 51, 1, 'Hey, good to see you\'re doing well!', NULL, 0, 0),
(1250, 51, 1, 'Hi, hope you\'re doing fine.', NULL, 0, 0),
(1251, 52, 1, 'Hi there!', NULL, 0, 0),
(1252, 52, 1, 'Hello, good to see you.', NULL, 0, 0),
(1253, 52, 1, 'Greetings!', NULL, 0, 0),
(1254, 52, 1, 'Salutations!', NULL, 0, 0),
(1255, 52, 1, 'Nice to meet you!', NULL, 0, 0),
(1256, 52, 1, 'Hiya!', NULL, 0, 0),
(1257, 52, 1, 'Top of the morning to you!', NULL, 0, 0),
(1258, 52, 1, 'Bonjour!', NULL, 0, 0),
(1259, 52, 1, 'Welcome!', NULL, 0, 0),
(1260, 52, 1, 'Good to see you again!', NULL, 0, 0),
(1261, 52, 1, 'Hola!', NULL, 0, 0),
(1262, 52, 1, 'Namaste!', NULL, 0, 0),
(1263, 52, 1, 'Aloha!', NULL, 0, 0),
(1264, 52, 1, 'Hey, great to have you here!', NULL, 0, 0),
(1265, 52, 1, 'Hey, glad you could make it!', NULL, 0, 0),
(1266, 52, 1, 'Howdy, partner!', NULL, 0, 0),
(1267, 52, 1, 'Hi, it\'s good to be in your company.', NULL, 0, 0),
(1268, 52, 1, 'Good day!', NULL, 0, 0),
(1269, 52, 1, 'Hey, thanks for being here!', NULL, 0, 0),
(1270, 52, 1, 'It\'s a pleasure to see you.', NULL, 0, 0),
(1271, 52, 1, 'Hey, good to see a friendly face!', NULL, 0, 0),
(1272, 52, 1, 'Hi, I hope you\'re having a good day.', NULL, 0, 0),
(1273, 52, 1, 'Hey, good to see you\'re doing well!', NULL, 0, 0),
(1274, 52, 1, 'Hi, hope you\'re doing fine.', NULL, 0, 0),
(1279, 67, 1, 'Take care!', NULL, 0, 0),
(1280, 67, 1, 'Bye for now!', NULL, 0, 0),
(1281, 67, 1, 'Safe travels!', NULL, 0, 0),
(1282, 67, 1, 'See you soon!', NULL, 0, 0),
(1283, 67, 1, 'Have a good one!', NULL, 0, 0),
(1284, 67, 1, 'It was nice seeing/talking to you!', NULL, 0, 0),
(1285, 67, 1, 'Good luck!', NULL, 0, 0),
(1286, 67, 1, 'Thanks for coming!', NULL, 0, 0),
(1287, 67, 1, 'Drive safely!', NULL, 0, 0),
(1288, 67, 1, 'Catch you later!', NULL, 0, 0),
(1289, 67, 1, 'Stay in touch!', NULL, 0, 0),
(1290, 67, 1, 'Don\'t be a stranger!', NULL, 0, 0),
(1291, 67, 1, 'Have a great day/evening/weekend!', NULL, 0, 0),
(1292, 67, 1, 'Until next time!', NULL, 0, 0),
(1293, 67, 1, 'Farewell!', NULL, 0, 0),
(1294, 67, 1, 'All the best!', NULL, 0, 0),
(1295, 67, 1, 'Keep well!', NULL, 0, 0),
(1296, 67, 1, 'Keep smiling!', NULL, 0, 0),
(1297, 67, 1, 'Take it easy!', NULL, 0, 0),
(1298, 67, 1, 'Bye-bye!', NULL, 0, 0),
(1299, 67, 1, 'See ya later!', NULL, 0, 0),
(1300, 67, 1, 'Goodbye for now!', NULL, 0, 0),
(1301, 67, 1, 'Take care of yourself!', NULL, 0, 0),
(1302, 68, 1, 'Take care!', NULL, 0, 0),
(1303, 68, 1, 'Bye for now!', NULL, 0, 0),
(1304, 68, 1, 'Safe travels!', NULL, 0, 0),
(1305, 68, 1, 'See you soon!', NULL, 0, 0),
(1306, 68, 1, 'Have a good one!', NULL, 0, 0),
(1307, 68, 1, 'It was nice seeing/talking to you!', NULL, 0, 0),
(1308, 68, 1, 'Good luck!', NULL, 0, 0),
(1309, 68, 1, 'Thanks for coming!', NULL, 0, 0),
(1310, 68, 1, 'Drive safely!', NULL, 0, 0),
(1311, 68, 1, 'Catch you later!', NULL, 0, 0),
(1312, 68, 1, 'Stay in touch!', NULL, 0, 0),
(1313, 68, 1, 'Don\'t be a stranger!', NULL, 0, 0),
(1314, 68, 1, 'Have a great day/evening/weekend!', NULL, 0, 0),
(1315, 68, 1, 'Until next time!', NULL, 0, 0),
(1316, 68, 1, 'Farewell!', NULL, 0, 0),
(1317, 68, 1, 'All the best!', NULL, 0, 0),
(1318, 68, 1, 'Keep well!', NULL, 0, 0),
(1319, 68, 1, 'Keep smiling!', NULL, 0, 0),
(1320, 68, 1, 'Take it easy!', NULL, 0, 0),
(1321, 68, 1, 'Bye-bye!', NULL, 0, 0),
(1322, 68, 1, 'See ya later!', NULL, 0, 0),
(1323, 68, 1, 'Goodbye for now!', NULL, 0, 0),
(1324, 68, 1, 'Take care of yourself!', NULL, 0, 0),
(1325, 69, 1, 'Take care!', NULL, 0, 0),
(1326, 69, 1, 'Bye for now!', NULL, 0, 0),
(1327, 69, 1, 'Safe travels!', NULL, 0, 0),
(1328, 69, 1, 'See you soon!', NULL, 0, 0),
(1329, 69, 1, 'Have a good one!', NULL, 0, 0),
(1330, 69, 1, 'It was nice seeing/talking to you!', NULL, 0, 0),
(1331, 69, 1, 'Good luck!', NULL, 0, 0),
(1332, 69, 1, 'Thanks for coming!', NULL, 0, 0),
(1333, 69, 1, 'Drive safely!', NULL, 0, 0),
(1334, 69, 1, 'Catch you later!', NULL, 0, 0),
(1335, 69, 1, 'Stay in touch!', NULL, 0, 0),
(1336, 69, 1, 'Don\'t be a stranger!', NULL, 0, 0),
(1337, 69, 1, 'Have a great day/evening/weekend!', NULL, 0, 0),
(1338, 69, 1, 'Until next time!', NULL, 0, 0),
(1339, 69, 1, 'Farewell!', NULL, 0, 0),
(1340, 69, 1, 'All the best!', NULL, 0, 0),
(1341, 69, 1, 'Keep well!', NULL, 0, 0),
(1342, 69, 1, 'Keep smiling!', NULL, 0, 0),
(1343, 69, 1, 'Take it easy!', NULL, 0, 0),
(1344, 69, 1, 'Bye-bye!', NULL, 0, 0),
(1345, 69, 1, 'See ya later!', NULL, 0, 0),
(1346, 69, 1, 'Goodbye for now!', NULL, 0, 0),
(1347, 69, 1, 'Take care of yourself!', NULL, 0, 0),
(1371, 70, 1, 'Take care!', NULL, 0, 0),
(1372, 70, 1, 'Bye for now!', NULL, 0, 0),
(1373, 70, 1, 'Safe travels!', NULL, 0, 0),
(1374, 70, 1, 'See you soon!', NULL, 0, 0),
(1375, 70, 1, 'Have a good one!', NULL, 0, 0),
(1376, 70, 1, 'It was nice seeing/talking to you!', NULL, 0, 0),
(1377, 70, 1, 'Good luck!', NULL, 0, 0),
(1378, 70, 1, 'Thanks for coming!', NULL, 0, 0),
(1379, 70, 1, 'Drive safely!', NULL, 0, 0),
(1380, 70, 1, 'Catch you later!', NULL, 0, 0),
(1381, 70, 1, 'Stay in touch!', NULL, 0, 0),
(1382, 70, 1, 'Don\'t be a stranger!', NULL, 0, 0),
(1383, 70, 1, 'Have a great day/evening/weekend!', NULL, 0, 0),
(1384, 70, 1, 'Until next time!', NULL, 0, 0),
(1385, 70, 1, 'Farewell!', NULL, 0, 0),
(1386, 70, 1, 'All the best!', NULL, 0, 0),
(1387, 70, 1, 'Keep well!', NULL, 0, 0),
(1388, 70, 1, 'Keep smiling!', NULL, 0, 0),
(1389, 70, 1, 'Take it easy!', NULL, 0, 0),
(1390, 70, 1, 'Bye-bye!', NULL, 0, 0),
(1391, 70, 1, 'See ya later!', NULL, 0, 0),
(1392, 70, 1, 'Goodbye for now!', NULL, 0, 0),
(1393, 70, 1, 'Take care of yourself!', NULL, 0, 0),
(1394, 71, 1, 'Take care!', NULL, 0, 0),
(1395, 71, 1, 'Bye for now!', NULL, 0, 0),
(1396, 71, 1, 'Safe travels!', NULL, 0, 0),
(1397, 71, 1, 'See you soon!', NULL, 0, 0),
(1398, 71, 1, 'Have a good one!', NULL, 0, 0),
(1399, 71, 1, 'It was nice seeing/talking to you!', NULL, 0, 0),
(1400, 71, 1, 'Good luck!', NULL, 0, 0),
(1401, 71, 1, 'Thanks for coming!', NULL, 0, 0),
(1402, 71, 1, 'Drive safely!', NULL, 0, 0),
(1403, 71, 1, 'Catch you later!', NULL, 0, 0),
(1404, 71, 1, 'Stay in touch!', NULL, 0, 0),
(1405, 71, 1, 'Don\'t be a stranger!', NULL, 0, 0),
(1406, 71, 1, 'Have a great day/evening/weekend!', NULL, 0, 0),
(1407, 71, 1, 'Until next time!', NULL, 0, 0),
(1408, 71, 1, 'Farewell!', NULL, 0, 0),
(1409, 71, 1, 'All the best!', NULL, 0, 0),
(1410, 71, 1, 'Keep well!', NULL, 0, 0),
(1411, 71, 1, 'Keep smiling!', NULL, 0, 0),
(1412, 71, 1, 'Take it easy!', NULL, 0, 0),
(1413, 71, 1, 'Bye-bye!', NULL, 0, 0),
(1414, 71, 1, 'See ya later!', NULL, 0, 0),
(1415, 71, 1, 'Goodbye for now!', NULL, 0, 0),
(1416, 71, 1, 'Take care of yourself!', NULL, 0, 0),
(1417, 72, 1, 'Take care!', NULL, 0, 0),
(1418, 72, 1, 'Bye for now!', NULL, 0, 0),
(1419, 72, 1, 'Safe travels!', NULL, 0, 0),
(1420, 72, 1, 'See you soon!', NULL, 0, 0),
(1421, 72, 1, 'Have a good one!', NULL, 0, 0),
(1422, 72, 1, 'It was nice seeing/talking to you!', NULL, 0, 0),
(1423, 72, 1, 'Good luck!', NULL, 0, 0),
(1424, 72, 1, 'Thanks for coming!', NULL, 0, 0),
(1425, 72, 1, 'Drive safely!', NULL, 0, 0),
(1426, 72, 1, 'Catch you later!', NULL, 0, 0),
(1427, 72, 1, 'Stay in touch!', NULL, 0, 0),
(1428, 72, 1, 'Don\'t be a stranger!', NULL, 0, 0),
(1429, 72, 1, 'Have a great day/evening/weekend!', NULL, 0, 0),
(1430, 72, 1, 'Until next time!', NULL, 0, 0),
(1431, 72, 1, 'Farewell!', NULL, 0, 0),
(1432, 72, 1, 'All the best!', NULL, 0, 0),
(1433, 72, 1, 'Keep well!', NULL, 0, 0),
(1434, 72, 1, 'Keep smiling!', NULL, 0, 0),
(1435, 72, 1, 'Take it easy!', NULL, 0, 0),
(1436, 72, 1, 'Bye-bye!', NULL, 0, 0),
(1437, 72, 1, 'See ya later!', NULL, 0, 0),
(1438, 72, 1, 'Goodbye for now!', NULL, 0, 0),
(1439, 72, 1, 'Take care of yourself!', NULL, 0, 0),
(1440, 73, 1, 'Take care!', NULL, 0, 0),
(1441, 73, 1, 'Bye for now!', NULL, 0, 0),
(1442, 73, 1, 'Safe travels!', NULL, 0, 0),
(1443, 73, 1, 'See you soon!', NULL, 0, 0),
(1444, 73, 1, 'Have a good one!', NULL, 0, 0),
(1445, 73, 1, 'It was nice seeing/talking to you!', NULL, 0, 0),
(1446, 73, 1, 'Good luck!', NULL, 0, 0),
(1447, 73, 1, 'Thanks for coming!', NULL, 0, 0),
(1448, 73, 1, 'Drive safely!', NULL, 0, 0),
(1449, 73, 1, 'Catch you later!', NULL, 0, 0),
(1450, 73, 1, 'Stay in touch!', NULL, 0, 0),
(1451, 73, 1, 'Don\'t be a stranger!', NULL, 0, 0),
(1452, 73, 1, 'Have a great day/evening/weekend!', NULL, 0, 0),
(1453, 73, 1, 'Until next time!', NULL, 0, 0),
(1454, 73, 1, 'Farewell!', NULL, 0, 0),
(1455, 73, 1, 'All the best!', NULL, 0, 0),
(1456, 73, 1, 'Keep well!', NULL, 0, 0),
(1457, 73, 1, 'Keep smiling!', NULL, 0, 0),
(1458, 73, 1, 'Take it easy!', NULL, 0, 0),
(1459, 73, 1, 'Bye-bye!', NULL, 0, 0),
(1460, 73, 1, 'See ya later!', NULL, 0, 0),
(1461, 73, 1, 'Goodbye for now!', NULL, 0, 0),
(1462, 73, 1, 'Take care of yourself!', NULL, 0, 0),
(1463, 74, 1, 'Take care!', NULL, 0, 0),
(1464, 74, 1, 'Bye for now!', NULL, 0, 0),
(1465, 74, 1, 'Safe travels!', NULL, 0, 0),
(1466, 74, 1, 'See you soon!', NULL, 0, 0),
(1467, 74, 1, 'Have a good one!', NULL, 0, 0),
(1468, 74, 1, 'It was nice seeing/talking to you!', NULL, 0, 0),
(1469, 74, 1, 'Good luck!', NULL, 0, 0),
(1470, 74, 1, 'Thanks for coming!', NULL, 0, 0),
(1471, 74, 1, 'Drive safely!', NULL, 0, 0),
(1472, 74, 1, 'Catch you later!', NULL, 0, 0),
(1473, 74, 1, 'Stay in touch!', NULL, 0, 0),
(1474, 74, 1, 'Don\'t be a stranger!', NULL, 0, 0),
(1475, 74, 1, 'Have a great day/evening/weekend!', NULL, 0, 0),
(1476, 74, 1, 'Until next time!', NULL, 0, 0),
(1477, 74, 1, 'Farewell!', NULL, 0, 0),
(1478, 74, 1, 'All the best!', NULL, 0, 0),
(1479, 74, 1, 'Keep well!', NULL, 0, 0),
(1480, 74, 1, 'Keep smiling!', NULL, 0, 0),
(1481, 74, 1, 'Take it easy!', NULL, 0, 0),
(1482, 74, 1, 'Bye-bye!', NULL, 0, 0),
(1483, 74, 1, 'See ya later!', NULL, 0, 0),
(1484, 74, 1, 'Goodbye for now!', NULL, 0, 0),
(1485, 74, 1, 'Take care of yourself!', NULL, 0, 0),
(1486, 75, 1, 'Take care!', NULL, 0, 0),
(1487, 75, 1, 'Bye for now!', NULL, 0, 0),
(1488, 75, 1, 'Safe travels!', NULL, 0, 0),
(1489, 75, 1, 'See you soon!', NULL, 0, 0),
(1490, 75, 1, 'Have a good one!', NULL, 0, 0),
(1491, 75, 1, 'It was nice seeing/talking to you!', NULL, 0, 0),
(1492, 75, 1, 'Good luck!', NULL, 0, 0),
(1493, 75, 1, 'Thanks for coming!', NULL, 0, 0),
(1494, 75, 1, 'Drive safely!', NULL, 0, 0),
(1495, 75, 1, 'Catch you later!', NULL, 0, 0),
(1496, 75, 1, 'Stay in touch!', NULL, 0, 0),
(1497, 75, 1, 'Don\'t be a stranger!', NULL, 0, 0),
(1498, 75, 1, 'Have a great day/evening/weekend!', NULL, 0, 0),
(1499, 75, 1, 'Until next time!', NULL, 0, 0),
(1500, 75, 1, 'Farewell!', NULL, 0, 0),
(1501, 75, 1, 'All the best!', NULL, 0, 0),
(1502, 75, 1, 'Keep well!', NULL, 0, 0),
(1503, 75, 1, 'Keep smiling!', NULL, 0, 0),
(1504, 75, 1, 'Take it easy!', NULL, 0, 0),
(1505, 75, 1, 'Bye-bye!', NULL, 0, 0),
(1506, 75, 1, 'See ya later!', NULL, 0, 0),
(1507, 75, 1, 'Goodbye for now!', NULL, 0, 0),
(1508, 75, 1, 'Take care of yourself!', NULL, 0, 0),
(1509, 76, 1, 'Take care!', NULL, 0, 0),
(1510, 76, 1, 'Bye for now!', NULL, 0, 0),
(1511, 76, 1, 'Safe travels!', NULL, 0, 0),
(1512, 76, 1, 'See you soon!', NULL, 0, 0),
(1513, 76, 1, 'Have a good one!', NULL, 0, 0),
(1514, 76, 1, 'It was nice seeing/talking to you!', NULL, 0, 0),
(1515, 76, 1, 'Good luck!', NULL, 0, 0),
(1516, 76, 1, 'Thanks for coming!', NULL, 0, 0),
(1517, 76, 1, 'Drive safely!', NULL, 0, 0),
(1518, 76, 1, 'Catch you later!', NULL, 0, 0),
(1519, 76, 1, 'Stay in touch!', NULL, 0, 0),
(1520, 76, 1, 'Don\'t be a stranger!', NULL, 0, 0),
(1521, 76, 1, 'Have a great day/evening/weekend!', NULL, 0, 0),
(1522, 76, 1, 'Until next time!', NULL, 0, 0),
(1523, 76, 1, 'Farewell!', NULL, 0, 0),
(1524, 76, 1, 'All the best!', NULL, 0, 0),
(1525, 76, 1, 'Keep well!', NULL, 0, 0),
(1526, 76, 1, 'Keep smiling!', NULL, 0, 0),
(1527, 76, 1, 'Take it easy!', NULL, 0, 0),
(1528, 76, 1, 'Bye-bye!', NULL, 0, 0),
(1529, 76, 1, 'See ya later!', NULL, 0, 0),
(1530, 76, 1, 'Goodbye for now!', NULL, 0, 0),
(1531, 76, 1, 'Take care of yourself!', NULL, 0, 0),
(1532, 77, 1, 'Take care!', NULL, 0, 0),
(1533, 77, 1, 'Bye for now!', NULL, 0, 0),
(1534, 77, 1, 'Safe travels!', NULL, 0, 0),
(1535, 77, 1, 'See you soon!', NULL, 0, 0),
(1536, 77, 1, 'Have a good one!', NULL, 0, 0),
(1537, 77, 1, 'It was nice seeing/talking to you!', NULL, 0, 0),
(1538, 77, 1, 'Good luck!', NULL, 0, 0),
(1539, 77, 1, 'Thanks for coming!', NULL, 0, 0),
(1540, 77, 1, 'Drive safely!', NULL, 0, 0),
(1541, 77, 1, 'Catch you later!', NULL, 0, 0),
(1542, 77, 1, 'Stay in touch!', NULL, 0, 0),
(1543, 77, 1, 'Don\'t be a stranger!', NULL, 0, 0),
(1544, 77, 1, 'Have a great day/evening/weekend!', NULL, 0, 0),
(1545, 77, 1, 'Until next time!', NULL, 0, 0),
(1546, 77, 1, 'Farewell!', NULL, 0, 0),
(1547, 77, 1, 'All the best!', NULL, 0, 0),
(1548, 77, 1, 'Keep well!', NULL, 0, 0),
(1549, 77, 1, 'Keep smiling!', NULL, 0, 0),
(1550, 77, 1, 'Take it easy!', NULL, 0, 0),
(1551, 77, 1, 'Bye-bye!', NULL, 0, 0),
(1552, 77, 1, 'See ya later!', NULL, 0, 0),
(1553, 77, 1, 'Goodbye for now!', NULL, 0, 0),
(1554, 77, 1, 'Take care of yourself!', NULL, 0, 0),
(1555, 78, 1, 'Take care!', NULL, 0, 0),
(1556, 78, 1, 'Bye for now!', NULL, 0, 0),
(1557, 78, 1, 'Safe travels!', NULL, 0, 0),
(1558, 78, 1, 'See you soon!', NULL, 0, 0),
(1559, 78, 1, 'Have a good one!', NULL, 0, 0),
(1560, 78, 1, 'It was nice seeing/talking to you!', NULL, 0, 0),
(1561, 78, 1, 'Good luck!', NULL, 0, 0),
(1562, 78, 1, 'Thanks for coming!', NULL, 0, 0),
(1563, 78, 1, 'Drive safely!', NULL, 0, 0),
(1564, 78, 1, 'Catch you later!', NULL, 0, 0),
(1565, 78, 1, 'Stay in touch!', NULL, 0, 0),
(1566, 78, 1, 'Don\'t be a stranger!', NULL, 0, 0),
(1567, 78, 1, 'Have a great day/evening/weekend!', NULL, 0, 0),
(1568, 78, 1, 'Until next time!', NULL, 0, 0),
(1569, 78, 1, 'Farewell!', NULL, 0, 0),
(1570, 78, 1, 'All the best!', NULL, 0, 0),
(1571, 78, 1, 'Keep well!', NULL, 0, 0),
(1572, 78, 1, 'Keep smiling!', NULL, 0, 0),
(1573, 78, 1, 'Take it easy!', NULL, 0, 0),
(1574, 78, 1, 'Bye-bye!', NULL, 0, 0),
(1575, 78, 1, 'See ya later!', NULL, 0, 0),
(1576, 78, 1, 'Goodbye for now!', NULL, 0, 0),
(1577, 78, 1, 'Take care of yourself!', NULL, 0, 0),
(1578, 79, 1, 'Take care!', NULL, 0, 0),
(1579, 79, 1, 'Bye for now!', NULL, 0, 0),
(1580, 79, 1, 'Safe travels!', NULL, 0, 0),
(1581, 79, 1, 'See you soon!', NULL, 0, 0),
(1582, 79, 1, 'Have a good one!', NULL, 0, 0),
(1583, 79, 1, 'It was nice seeing/talking to you!', NULL, 0, 0),
(1584, 79, 1, 'Good luck!', NULL, 0, 0),
(1585, 79, 1, 'Thanks for coming!', NULL, 0, 0),
(1586, 79, 1, 'Drive safely!', NULL, 0, 0),
(1587, 79, 1, 'Catch you later!', NULL, 0, 0),
(1588, 79, 1, 'Stay in touch!', NULL, 0, 0),
(1589, 79, 1, 'Don\'t be a stranger!', NULL, 0, 0),
(1590, 79, 1, 'Have a great day/evening/weekend!', NULL, 0, 0),
(1591, 79, 1, 'Until next time!', NULL, 0, 0),
(1592, 79, 1, 'Farewell!', NULL, 0, 0),
(1593, 79, 1, 'All the best!', NULL, 0, 0),
(1594, 79, 1, 'Keep well!', NULL, 0, 0),
(1595, 79, 1, 'Keep smiling!', NULL, 0, 0),
(1596, 79, 1, 'Take it easy!', NULL, 0, 0),
(1597, 79, 1, 'Bye-bye!', NULL, 0, 0),
(1598, 79, 1, 'See ya later!', NULL, 0, 0),
(1599, 79, 1, 'Goodbye for now!', NULL, 0, 0),
(1600, 79, 1, 'Take care of yourself!', NULL, 0, 0),
(1601, 80, 1, 'Take care!', NULL, 0, 0),
(1602, 80, 1, 'Bye for now!', NULL, 0, 0),
(1603, 80, 1, 'Safe travels!', NULL, 0, 0),
(1604, 80, 1, 'See you soon!', NULL, 0, 0),
(1605, 80, 1, 'Have a good one!', NULL, 0, 0),
(1606, 80, 1, 'It was nice seeing/talking to you!', NULL, 0, 0),
(1607, 80, 1, 'Good luck!', NULL, 0, 0),
(1608, 80, 1, 'Thanks for coming!', NULL, 0, 0),
(1609, 80, 1, 'Drive safely!', NULL, 0, 0),
(1610, 80, 1, 'Catch you later!', NULL, 0, 0),
(1611, 80, 1, 'Stay in touch!', NULL, 0, 0),
(1612, 80, 1, 'Don\'t be a stranger!', NULL, 0, 0),
(1613, 80, 1, 'Have a great day/evening/weekend!', NULL, 0, 0),
(1614, 80, 1, 'Until next time!', NULL, 0, 0),
(1615, 80, 1, 'Farewell!', NULL, 0, 0),
(1616, 80, 1, 'All the best!', NULL, 0, 0),
(1617, 80, 1, 'Keep well!', NULL, 0, 0),
(1618, 80, 1, 'Keep smiling!', NULL, 0, 0),
(1619, 80, 1, 'Take it easy!', NULL, 0, 0),
(1620, 80, 1, 'Bye-bye!', NULL, 0, 0),
(1621, 80, 1, 'See ya later!', NULL, 0, 0),
(1622, 80, 1, 'Goodbye for now!', NULL, 0, 0),
(1623, 80, 1, 'Take care of yourself!', NULL, 0, 0),
(1624, 81, 1, 'Take care!', NULL, 0, 0),
(1625, 81, 1, 'Bye for now!', NULL, 0, 0),
(1626, 81, 1, 'Safe travels!', NULL, 0, 0),
(1627, 81, 1, 'See you soon!', NULL, 0, 0),
(1628, 81, 1, 'Have a good one!', NULL, 0, 0),
(1629, 81, 1, 'It was nice seeing/talking to you!', NULL, 0, 0),
(1630, 81, 1, 'Good luck!', NULL, 0, 0),
(1631, 81, 1, 'Thanks for coming!', NULL, 0, 0),
(1632, 81, 1, 'Drive safely!', NULL, 0, 0),
(1633, 81, 1, 'Catch you later!', NULL, 0, 0),
(1634, 81, 1, 'Stay in touch!', NULL, 0, 0),
(1635, 81, 1, 'Don\'t be a stranger!', NULL, 0, 0),
(1636, 81, 1, 'Have a great day/evening/weekend!', NULL, 0, 0),
(1637, 81, 1, 'Until next time!', NULL, 0, 0),
(1638, 81, 1, 'Farewell!', NULL, 0, 0),
(1639, 81, 1, 'All the best!', NULL, 0, 0),
(1640, 81, 1, 'Keep well!', NULL, 0, 0),
(1641, 81, 1, 'Keep smiling!', NULL, 0, 0),
(1642, 81, 1, 'Take it easy!', NULL, 0, 0),
(1643, 81, 1, 'Bye-bye!', NULL, 0, 0),
(1644, 81, 1, 'See ya later!', NULL, 0, 0),
(1645, 81, 1, 'Goodbye for now!', NULL, 0, 0),
(1646, 81, 1, 'Take care of yourself!', NULL, 0, 0),
(1647, 82, 1, 'Take care!', NULL, 0, 0),
(1648, 82, 1, 'Bye for now!', NULL, 0, 0),
(1649, 82, 1, 'Safe travels!', NULL, 0, 0),
(1650, 82, 1, 'See you soon!', NULL, 0, 0),
(1651, 82, 1, 'Have a good one!', NULL, 0, 0),
(1652, 82, 1, 'It was nice seeing/talking to you!', NULL, 0, 0),
(1653, 82, 1, 'Good luck!', NULL, 0, 0),
(1654, 82, 1, 'Thanks for coming!', NULL, 0, 0),
(1655, 82, 1, 'Drive safely!', NULL, 0, 0),
(1656, 82, 1, 'Catch you later!', NULL, 0, 0),
(1657, 82, 1, 'Stay in touch!', NULL, 0, 0),
(1658, 82, 1, 'Don\'t be a stranger!', NULL, 0, 0),
(1659, 82, 1, 'Have a great day/evening/weekend!', NULL, 0, 0),
(1660, 82, 1, 'Until next time!', NULL, 0, 0),
(1661, 82, 1, 'Farewell!', NULL, 0, 0),
(1662, 82, 1, 'All the best!', NULL, 0, 0),
(1663, 82, 1, 'Keep well!', NULL, 0, 0),
(1664, 82, 1, 'Keep smiling!', NULL, 0, 0),
(1665, 82, 1, 'Take it easy!', NULL, 0, 0),
(1666, 82, 1, 'Bye-bye!', NULL, 0, 0),
(1667, 82, 1, 'See ya later!', NULL, 0, 0),
(1668, 82, 1, 'Goodbye for now!', NULL, 0, 0),
(1669, 82, 1, 'Take care of yourself!', NULL, 0, 0),
(1670, 83, 1, 'Take care!', NULL, 0, 0),
(1671, 83, 1, 'Bye for now!', NULL, 0, 0),
(1672, 83, 1, 'Safe travels!', NULL, 0, 0),
(1673, 83, 1, 'See you soon!', NULL, 0, 0),
(1674, 83, 1, 'Have a good one!', NULL, 0, 0),
(1675, 83, 1, 'It was nice seeing/talking to you!', NULL, 0, 0),
(1676, 83, 1, 'Good luck!', NULL, 0, 0),
(1677, 83, 1, 'Thanks for coming!', NULL, 0, 0),
(1678, 83, 1, 'Drive safely!', NULL, 0, 0),
(1679, 83, 1, 'Catch you later!', NULL, 0, 0),
(1680, 83, 1, 'Stay in touch!', NULL, 0, 0),
(1681, 83, 1, 'Don\'t be a stranger!', NULL, 0, 0),
(1682, 83, 1, 'Have a great day/evening/weekend!', NULL, 0, 0),
(1683, 83, 1, 'Until next time!', NULL, 0, 0),
(1684, 83, 1, 'Farewell!', NULL, 0, 0),
(1685, 83, 1, 'All the best!', NULL, 0, 0),
(1686, 83, 1, 'Keep well!', NULL, 0, 0),
(1687, 83, 1, 'Keep smiling!', NULL, 0, 0),
(1688, 83, 1, 'Take it easy!', NULL, 0, 0),
(1689, 83, 1, 'Bye-bye!', NULL, 0, 0),
(1690, 83, 1, 'See ya later!', NULL, 0, 0),
(1691, 83, 1, 'Goodbye for now!', NULL, 0, 0),
(1692, 83, 1, 'Take care of yourself!', NULL, 0, 0),
(1693, 84, 1, 'Sigiriya, also known as Lion Rock, is an ancient rock fortress and palace located in the central Matale District of Sri Lanka. It was built in the 5th century AD by King Kashyapa as a fortified palace complex, and later served as a Buddhist monastery', NULL, 0, 0),
(1694, 92, 1, 'Sri Lanka is a beautiful island nation with a rich cultural heritage, stunning landscapes, and a diverse range of activities for visitors. Here are some popular activities to do in Sri Lanka: <img src=\"https://overatours.com/wp-content/uploads/2017/11/68-1024x683.jpg\" alt=\"Sri Lanka Scenic View\" style=\"max-width:100%;height:auto;\">', NULL, 0, 0),
(1695, 86, 1, 'Colombo', NULL, 0, 0),
(1696, 90, 1, 'LKR', NULL, 0, 0);

-- --------------------------------------------------------

--
-- Table structure for table `intents`
--

CREATE TABLE `intents` (
  `Id` int NOT NULL,
  `Name` longtext CHARACTER SET utf8mb4 COLLATE utf8mb4_unicode_ci NOT NULL
) ENGINE=InnoDB DEFAULT CHARSET=utf8mb4 COLLATE=utf8mb4_unicode_ci;

--
-- Dumping data for table `intents`
--

INSERT INTO `intents` (`Id`, `Name`) VALUES
(1, 'Greeting'),
(2, 'Farewell'),
(3, 'Find'),
(4, 'Purchase'),
(5, 'Support'),
(6, 'Booking'),
(7, 'Feedback'),
(8, 'Small talk'),
(9, 'News'),
(10, 'Weather'),
(11, 'Complaint'),
(12, 'Sales');

-- --------------------------------------------------------

--
-- Table structure for table `questions`
--

CREATE TABLE `questions` (
  `Id` int NOT NULL,
  `IntentId` int NOT NULL,
  `Text` longtext CHARACTER SET utf8mb4 COLLATE utf8mb4_unicode_ci NOT NULL
) ENGINE=InnoDB DEFAULT CHARSET=utf8mb4 COLLATE=utf8mb4_unicode_ci;

--
-- Dumping data for table `questions`
--

INSERT INTO `questions` (`Id`, `IntentId`, `Text`) VALUES
(1, 1, 'hello'),
(2, 1, 'hi'),
(3, 1, 'hey'),
(4, 1, 'good morning'),
(5, 1, 'good afternoon'),
(6, 1, 'good night'),
(7, 1, 'good evening'),
(8, 1, 'howdy'),
(9, 1, 'greetings'),
(10, 1, 'greeting'),
(11, 1, 'salutation'),
(12, 1, 'nice to meet you'),
(13, 1, 'pleased to meet you'),
(14, 1, 'yo'),
(15, 1, 'what\'s up'),
(16, 1, 'how\'s it going'),
(17, 1, 'long time no see'),
(18, 1, 'hey there'),
(19, 1, 'hiya'),
(20, 1, 'good to see you'),
(21, 1, 'what\'s new'),
(22, 1, 'how are you'),
(23, 1, 'whats happening'),
(24, 1, 'whats going on'),
(25, 1, 'sup'),
(26, 1, 'aloha'),
(27, 1, 'good day'),
(28, 1, 'cheerio'),
(29, 1, 'hey ho'),
(30, 1, 'top of the morning to you'),
(31, 1, 'hello there'),
(32, 1, 'hey you'),
(33, 1, 'hello my friend'),
(34, 1, 'good to meet you'),
(35, 1, 'hey buddy'),
(36, 1, 'nice to meet you'),
(37, 1, 'how do you do'),
(38, 1, 'what\'s popping'),
(39, 1, 'what\'s cracking'),
(40, 1, 'hi there'),
(41, 1, 'what\'s good'),
(42, 1, 'what\'s cooking'),
(43, 1, 'what\'s happening'),
(44, 1, 'what\'s new'),
(45, 1, 'what\'s shaking'),
(46, 1, 'how\'s everything'),
(47, 1, 'how\'s life'),
(48, 1, 'how\'s your day'),
(49, 1, 'howdy-do'),
(50, 1, 'yoohoo'),
(51, 1, 'hola'),
(52, 1, 'konnichiwa'),
(67, 2, 'Goodbye'),
(68, 2, 'Farewell'),
(69, 2, 'See you later'),
(70, 2, 'See you soon'),
(71, 2, 'Take care'),
(72, 2, 'All the best'),
(73, 2, 'Bye for now'),
(74, 2, 'Until next time'),
(75, 2, 'Have a nice day/evening/weekend'),
(76, 2, 'Keep in touch'),
(77, 2, 'It was nice seeing/talking to you'),
(78, 2, 'I\'ll miss you'),
(79, 2, 'Stay safe'),
(80, 2, 'exit'),
(81, 2, 'byee'),
(82, 2, 'bye'),
(83, 2, 'exit now'),
(84, 3, 'sigiriya'),
(85, 3, 'Sri Lanka located?'),
(86, 3, 'Capital city of Sri Lanka?'),
(88, 3, 'get a tourist visa for Sri Lanka?'),
(89, 3, 'the major airports in Sri Lanka?'),
(90, 3, 'the currency used in sri lanka?'),
(91, 3, 'any entry requirements visiting Sri Lanka?'),
(92, 3, 'some popular activities in Sri Lanka?'),
(93, 3, 'Sri Lanka a safe country for tourists?'),
(94, 3, 'Time'),
(95, 3, 'there any entry requirements for visiting sri lanka?');

-- --------------------------------------------------------

--
-- Table structure for table `userintents`
--

CREATE TABLE `userintents` (
  `Id` int NOT NULL,
  `IntentId` int NOT NULL,
  `Keyword` longtext CHARACTER SET utf8mb4 COLLATE utf8mb4_unicode_ci NOT NULL
) ENGINE=InnoDB DEFAULT CHARSET=utf8mb4 COLLATE=utf8mb4_unicode_ci;

--
-- Dumping data for table `userintents`
--

INSERT INTO `userintents` (`Id`, `IntentId`, `Keyword`) VALUES
(1, 1, 'hello'),
(2, 1, 'hi'),
(3, 1, 'hey'),
(4, 1, 'good morning'),
(5, 1, 'good afternoon'),
(6, 1, 'good night'),
(7, 1, 'good evening'),
(8, 1, 'howdy'),
(9, 1, 'greetings'),
(10, 1, 'greeting'),
(11, 1, 'salutation'),
(12, 1, 'nice to meet you'),
(13, 1, 'pleased to meet you'),
(14, 1, 'yo'),
(16, 1, 'how\'s it going'),
(17, 1, 'long time no see'),
(18, 1, 'hey there'),
(19, 1, 'hiya'),
(20, 1, 'good to see you'),
(22, 1, 'how are you'),
(38, 1, 'sup'),
(39, 1, 'aloha'),
(40, 1, 'good day'),
(41, 1, 'cheerio'),
(42, 1, 'hey ho'),
(43, 1, 'top of the morning to you'),
(44, 1, 'hello there'),
(45, 1, 'hey you'),
(46, 1, 'hello my friend'),
(47, 1, 'good to meet you'),
(48, 1, 'hey buddy'),
(49, 1, 'nice to meet you'),
(50, 1, 'how do you do'),
(53, 1, 'hi there'),
(59, 1, 'how\'s everything'),
(60, 1, 'how\'s life'),
(61, 1, 'how\'s your day'),
(62, 1, 'howdy-do'),
(63, 1, 'yoohoo'),
(64, 1, 'hola'),
(65, 1, 'konnichiwa'),
(69, 2, 'Goodbye'),
(70, 2, 'Farewell'),
(71, 2, 'See you later'),
(72, 2, 'See you soon'),
(73, 2, 'Take care'),
(74, 2, 'All the best'),
(75, 2, 'Bye for now'),
(76, 2, 'Until next time'),
(77, 2, 'Have a nice day/evening/weekend'),
(78, 2, 'Keep in touch'),
(79, 2, 'It was nice seeing/talking to you'),
(80, 2, 'I\'ll miss you'),
(81, 2, 'Stay safe'),
(82, 2, 'exit'),
(83, 2, 'byee'),
(84, 2, 'exit now'),
(85, 2, 'bye'),
(86, 3, 'what'),
(87, 3, 'what is'),
(88, 3, 'what are'),
(89, 3, 'find'),
(90, 3, 'find for'),
(91, 3, 'search for'),
(92, 3, 'look up'),
(93, 3, 'locate'),
(94, 3, 'retrieve'),
(95, 3, 'show me'),
(96, 3, 'display'),
(97, 3, 'give me'),
(98, 3, 'tell me'),
(99, 3, 'explain'),
(100, 3, 'enlighten me'),
(101, 3, 'inform'),
(102, 3, 'clarify'),
(103, 3, 'define'),
(104, 3, 'describe'),
(105, 3, 'list'),
(106, 3, 'outline'),
(107, 3, 'summarize'),
(108, 3, 'brief me'),
(109, 3, 'elaborate'),
(110, 3, 'demonstrate'),
(111, 3, 'present'),
(112, 3, 'reveal'),
(113, 3, 'uncover'),
(114, 3, 'explore'),
(115, 3, 'investigate'),
(116, 3, 'query'),
(117, 3, 'scan'),
(118, 3, 'scrutinize'),
(119, 3, 'probe'),
(120, 3, 'research'),
(121, 3, 'who');

-- --------------------------------------------------------

--
-- Table structure for table `__efmigrationshistory`
--

CREATE TABLE `__efmigrationshistory` (
  `MigrationId` varchar(150) CHARACTER SET utf8mb4 COLLATE utf8mb4_unicode_ci NOT NULL,
  `ProductVersion` varchar(32) CHARACTER SET utf8mb4 COLLATE utf8mb4_unicode_ci NOT NULL
) ENGINE=InnoDB DEFAULT CHARSET=utf8mb4 COLLATE=utf8mb4_unicode_ci;

--
-- Dumping data for table `__efmigrationshistory`
--

INSERT INTO `__efmigrationshistory` (`MigrationId`, `ProductVersion`) VALUES
('20230410164634_Init', '6.0.14');

--
-- Indexes for dumped tables
--

--
-- Indexes for table `answertypes`
--
ALTER TABLE `answertypes`
  ADD PRIMARY KEY (`Id`);

--
-- Indexes for table `botanswers`
--
ALTER TABLE `botanswers`
  ADD PRIMARY KEY (`Id`),
  ADD KEY `IX_BotAnswers_AnswerTypeId` (`AnswerTypeId`),
  ADD KEY `IX_BotAnswers_QuestionId` (`QuestionId`);

--
-- Indexes for table `intents`
--
ALTER TABLE `intents`
  ADD PRIMARY KEY (`Id`);

--
-- Indexes for table `questions`
--
ALTER TABLE `questions`
  ADD PRIMARY KEY (`Id`),
  ADD KEY `IX_Questions_IntentId` (`IntentId`);

--
-- Indexes for table `userintents`
--
ALTER TABLE `userintents`
  ADD PRIMARY KEY (`Id`),
  ADD KEY `IX_UserIntents_IntentId` (`IntentId`);

--
-- Indexes for table `__efmigrationshistory`
--
ALTER TABLE `__efmigrationshistory`
  ADD PRIMARY KEY (`MigrationId`);

--
-- AUTO_INCREMENT for dumped tables
--

--
-- AUTO_INCREMENT for table `answertypes`
--
ALTER TABLE `answertypes`
  MODIFY `Id` int NOT NULL AUTO_INCREMENT, AUTO_INCREMENT=3;

--
-- AUTO_INCREMENT for table `botanswers`
--
ALTER TABLE `botanswers`
  MODIFY `Id` int NOT NULL AUTO_INCREMENT, AUTO_INCREMENT=1697;

--
-- AUTO_INCREMENT for table `intents`
--
ALTER TABLE `intents`
  MODIFY `Id` int NOT NULL AUTO_INCREMENT, AUTO_INCREMENT=13;

--
-- AUTO_INCREMENT for table `questions`
--
ALTER TABLE `questions`
  MODIFY `Id` int NOT NULL AUTO_INCREMENT, AUTO_INCREMENT=96;

--
-- AUTO_INCREMENT for table `userintents`
--
ALTER TABLE `userintents`
  MODIFY `Id` int NOT NULL AUTO_INCREMENT, AUTO_INCREMENT=122;

--
-- Constraints for dumped tables
--

--
-- Constraints for table `botanswers`
--
ALTER TABLE `botanswers`
  ADD CONSTRAINT `FK_BotAnswers_AnswerTypes_AnswerTypeId` FOREIGN KEY (`AnswerTypeId`) REFERENCES `answertypes` (`Id`),
  ADD CONSTRAINT `FK_BotAnswers_Questions_QuestionId` FOREIGN KEY (`QuestionId`) REFERENCES `questions` (`Id`) ON DELETE CASCADE;

--
-- Constraints for table `questions`
--
ALTER TABLE `questions`
  ADD CONSTRAINT `FK_Questions_Intents_IntentId` FOREIGN KEY (`IntentId`) REFERENCES `intents` (`Id`);

--
-- Constraints for table `userintents`
--
ALTER TABLE `userintents`
  ADD CONSTRAINT `FK_UserIntents_Intents_IntentId` FOREIGN KEY (`IntentId`) REFERENCES `intents` (`Id`);
COMMIT;

/*!40101 SET CHARACTER_SET_CLIENT=@OLD_CHARACTER_SET_CLIENT */;
/*!40101 SET CHARACTER_SET_RESULTS=@OLD_CHARACTER_SET_RESULTS */;
/*!40101 SET COLLATION_CONNECTION=@OLD_COLLATION_CONNECTION */;
